,Date,324095,323295,323154,304535,326934,307397,319053,303727,319699,304352,328419,328724,318824,329789,313700,309617,301838,306928,330928,325019,325894,308585,321984,316505,309211,327031,320754,329078,324038,308668,304410,330381,305060,310029,309823,318444,322990,313064,328690,314104,307843,323550,322255,377887,316661,300665,325928,301440,301812,321471,331330,307793,302307,315689,321778,304428,300616,322610,328815,321448,322115,304071,323204,313833,304741,301937,327551,330480,314534,302992,327809,332783,312504,319236,324020,328401,319947,329813,309427,302380,323055,300269,317230,327171,312918,323253,316265,312900,308924,323766,325142,325969,323428,310268,319889,309906,314161,319772,331272,321430,313239,311951,321646,302240,301846,300996,312736,319764,305292,334052,311639,323709,330456,323097,330738,308783,313569,318345,328773,329037,304675,326595,312611,327536,375113,330811,325134,329649,302901,317446,303909,315960,324327,328211,317396,313643,319202,309021,326975,314641,311548,327619,323675,311944,307124,331082,318873,313668,307082,379313,313460,326843,310862,331116,327411,304733,315671,322578,323121,376715,376608,313544,327114,302588,319921,304923,327239,328260,315168,331058,325274,304170,323774,309054,323618,305268,325738,312165,329995,332569,323410,376517,317461,331439,328443,307520,300822,315390,318485,320747,303917,312660,330027,328021,311266,329573,301309,330852,330910,300236,375923,311381,303263,314021,311845,313817,304956,329268,322925,309872,321752,315580,309625,312447,300111,309609,300400,308247,329144,318584,310672,328435,300970,301572,330274,307157,374314,321950,376657,330829,328666,376954,314054,324434,303503,321836,321554,328104,330803,322396,326868,301127,304691,374967,374074,309005,307298,304063,331223,304600,329169,310995,309419,301648,310607,325167,309948,305102,346056,322156,307769,316612,331124,327437,319830,319962,315853,329847,331397,303016,328864,330001,327163,309641,314294,323832,303982,374678,322313,306613,321992,333088,300780,331298,310532,316356,317594,322479,328302,307355,303248,338616,300384,317487,300137,305540,305706,305714,305813,305821,305854,305862,305896,305920,305946,305953,306001,306092,306183,306266,306274,306399,306415,306456,306522,313304,313338,313387,345181,306043,305524,305755,305904,305938,305987,305995,306167,306209,305672,306084,316026,316000,316083,316091,316174,319418,319426,319434,319541,319442,326082,326108,326132,326140,326074,326181,326199,326223,326231,326264,326249,326280,326298,326306,326355,326371,326389,326413,326439,326447,326462,335067,335091,326504,335018,335026,335208,335141,335174,335182,335117,335109,335216,335299,335315,335323,335331,335349,335497,335372,335414,335422,335430,335448,335455,335471,335521,335539,335547,335554,335562,335570,335588,335620,335638,335646,335653,335661,335679,335695,335778,335810,335844,335851,335869,335596,335612,335604,335877,335885,335893,335927,335729,335737,335828,335836,335901,335943,335968,335976,335984,335992,336008,345017,345025,345041,345058,345066,345108,345116,345124,345132,345215,345173,345140,345157,345165,345199,345207,345249,345256,345264,345272,345298,345314,345348,345405,345397,345223,345322,345330,345280,345363,345371,345389,345421,345520,345538,345546,345512,345496,345504,345553,345561,345579,345587,345595,345413,345439,345447,345454,345462,345470,345488,345603,345660,345355,345629,345710,345744,345736,345694,345728,345645,345652,345678,345686
0,2022-01-01,249.14,249.27,246.71,140.65,242.2,260.13,207.61,174.7,154.32,173.51,396.33,631.24,364.53,277.76,149.27,494.54,200.8,255.58,595.54,409.89,269.51,232.95,525.29,245.06,227.95,178.36,430.53,238.18,249.58,234.91,173.88,559.78,152.78,658.82,489.72,256.25,225.6,152.72,209.82,199.3,267.16,259.18,396.37,248.33,229.74,291.86,309.53,319.41,204.36,473.74,243.87,292.42,236.6,188.44,515.96,192.41,273.54,215.02,212.29,481.14,401.08,175.31,253.13,260.64,189.93,265.28,398.76,540.39,231.72,214.56,606.69,650.0,154.02,164.35,248.08,395.39,457.54,263.3,403.25,227.28,241.5,200.25,164.56,270.19,155.09,249.14,285.73,155.62,228.85,251.23,390.04,304.37,243.26,341.04,459.61,658.58,258.35,156.9,164.21,473.61,157.37,252.48,510.74,227.28,206.92,228.39,246.2,156.71,146.44,542.27,202.27,247.44,516.92,245.47,509.4,240.39,181.14,500.47,375.15,332.34,143.51,351.9,156.49,395.43,367.2,636.83,395.95,347.94,215.55,187.83,181.71,183.42,438.57,401.55,186.19,263.31,299.86,226.69,276.69,238.76,270.66,437.17,251.4,251.82,268.26,147.2,385.19,279.94,263.36,436.81,184.84,254.67,281.77,142.88,277.8,149.57,189.43,251.33,246.46,330.2,246.45,132.26,322.83,241.97,459.54,139.08,255.37,412.57,225.69,141.64,347.78,169.93,253.04,226.65,246.46,149.0,241.53,156.81,608.09,225.12,252.82,311.08,188.03,155.09,398.0,259.38,183.97,307.18,252.43,433.26,183.16,195.05,157.26,409.05,278.02,325.94,145.92,525.93,596.25,196.44,297.16,287.8,161.01,216.08,241.48,179.9,143.66,215.41,216.51,501.43,515.49,154.89,493.18,160.17,154.02,491.7,273.33,236.04,278.83,564.92,297.36,398.65,232.0,177.95,547.37,262.4,252.62,521.77,323.33,634.83,370.94,261.94,177.2,482.6,165.1,520.21,492.21,424.67,637.85,446.74,283.75,208.21,154.75,354.15,349.69,228.05,261.58,172.24,143.12,142.31,244.94,279.04,428.05,166.23,335.31,388.28,638.48,146.37,640.54,396.39,296.94,239.24,139.66,253.64,474.69,453.69,173.24,269.04,209.58,140.9,310.92,608.09,211.86,494.03,315.55,260.19,183.95,252.12,429.0,261.11,522.11,216.75,188.6,162.3,325.31,277.27,257.04,422.59,399.18,262.22,163.18,489.99,158.75,187.14,152.67,116.06,119.66,119.22,118.34,116.05,115.69,116.25,116.45,123.28,127.38,114.35,118.26,114.97,126.74,133.42,132.76,139.35,149.73,127.64,137.54,127.06,127.53,144.1,176.68,118.6,114.9,119.23,115.68,118.34,115.66,115.85,113.63,125.92,117.98,115.65,112.89,118.2,131.92,131.6,116.13,119.76,116.72,166.82,133.03,155.07,118.0,149.65,119.73,129.74,120.27,123.27,135.87,134.02,134.45,125.17,126.86,115.9,115.83,274.25,225.18,219.18,218.2,216.3,212.91,212.2,201.85,221.46,227.59,401.35,386.36,402.26,329.44,112.68,113.25,112.5,114.52,115.38,202.06,236.03,255.99,254.46,198.9,199.36,118.89,119.4,132.43,124.96,227.01,215.08,131.4,128.35,235.97,124.59,121.22,132.22,132.27,132.47,116.38,227.91,211.73,184.48,167.24,259.59,243.02,216.5,251.74,231.46,298.67,292.08,284.64,197.34,138.53,340.95,159.23,145.79,135.25,222.34,221.95,202.72,224.6,218.78,136.33,250.72,235.82,233.24,230.9,223.08,217.94,216.97,212.96,247.84,236.37,232.65,229.35,224.79,225.05,223.41,137.53,149.12,133.58,130.39,129.28,117.65,115.48,131.97,115.59,140.3,132.32,119.67,121.06,116.49,210.18,174.86,191.9,114.18,118.19,113.71,138.78,159.44,159.03,331.59,284.11,251.86,223.69,231.44,267.22,230.57,133.71,130.88,134.82,135.2,125.67,350.16,302.53,274.1,324.11,302.75,282.07,276.08,128.03,193.5,113.67,117.1,400.09,116.19,114.67,148.41,232.12,197.19,250.59,115.1,114.42
1,2022-02-01,249.19,249.42,246.76,140.5,242.28,260.28,207.6,174.66,154.3,173.48,396.3,631.21,364.54,277.6,149.36,494.62,200.82,256.29,595.58,409.92,269.33,233.16,525.65,245.08,227.91,178.33,430.8,238.03,249.61,234.91,173.77,559.8,152.83,658.71,489.7,256.08,225.62,152.69,209.82,199.48,267.23,259.24,396.46,248.4,229.79,292.12,309.5,320.75,204.33,473.76,243.89,292.46,236.54,188.58,516.25,192.43,273.57,215.36,212.32,481.34,401.23,175.29,253.27,260.66,190.0,264.73,398.75,540.42,231.8,214.78,607.37,650.03,154.0,164.26,248.1,395.48,457.87,263.18,403.44,227.61,241.79,200.3,164.44,270.21,155.02,249.28,285.85,155.64,228.82,251.3,389.96,304.34,243.31,340.99,459.71,658.54,258.44,156.82,164.14,473.65,157.31,252.3,510.95,227.31,206.92,228.39,246.29,156.68,146.44,542.28,202.3,247.45,517.04,245.53,509.49,240.54,181.16,500.48,375.11,332.22,143.5,351.96,156.5,395.52,367.22,636.77,395.92,347.88,215.82,187.84,181.59,183.49,438.71,401.56,186.17,262.34,299.57,226.79,277.21,238.85,270.51,437.77,251.54,251.63,268.71,147.64,385.21,280.61,263.47,437.29,184.83,254.82,281.68,143.1,277.87,149.66,189.3,251.38,246.54,330.4,246.49,132.2,322.91,242.01,459.69,138.81,255.33,412.63,225.63,142.15,347.72,169.85,253.13,226.64,246.43,149.0,241.32,156.79,608.06,224.84,252.89,311.1,188.03,155.14,398.04,259.51,184.0,307.16,252.38,433.6,183.11,195.08,157.22,409.03,277.9,325.89,145.92,525.96,596.31,196.51,297.25,287.42,161.08,216.08,241.16,179.92,143.62,215.3,216.44,501.39,515.87,154.88,493.11,160.16,153.76,491.49,272.87,236.01,278.87,564.89,297.16,398.72,231.98,177.97,547.38,262.71,253.16,522.12,323.49,634.79,370.79,261.88,177.2,483.22,165.1,520.54,492.47,424.72,637.77,446.89,283.88,208.26,154.72,354.19,349.76,228.03,261.93,172.08,143.06,142.23,244.79,278.99,428.16,166.23,335.05,388.2,638.37,146.42,640.58,396.38,297.13,239.29,140.45,253.69,475.0,454.65,173.06,268.84,209.57,140.85,310.93,608.04,211.87,494.01,315.69,260.25,183.82,252.21,429.23,261.05,522.57,216.74,188.61,162.71,325.23,277.36,257.18,422.67,399.27,262.52,163.4,490.04,158.77,187.14,152.58,116.08,119.7,119.33,118.39,116.01,115.68,116.27,116.47,123.29,127.48,114.37,118.32,114.98,126.67,133.4,132.73,139.47,149.89,127.48,137.52,127.17,127.61,143.88,176.72,118.64,114.84,119.19,115.65,118.37,115.65,115.83,113.58,125.85,118.01,115.66,112.85,118.24,131.87,131.55,116.18,119.76,116.78,166.89,133.04,155.15,117.95,149.66,119.75,129.83,120.24,123.31,135.89,134.21,134.56,125.2,126.87,115.94,115.83,273.99,224.64,219.18,217.94,216.09,212.71,212.04,201.48,221.3,227.49,401.35,386.29,402.19,329.24,112.63,113.18,112.47,114.48,115.34,202.03,235.83,255.55,254.2,198.2,199.11,118.89,119.39,132.39,125.0,226.39,214.93,131.37,128.36,235.83,124.59,121.24,132.18,132.24,132.44,116.33,227.87,211.94,184.56,167.21,259.59,243.0,216.52,251.69,231.26,298.62,291.86,284.58,197.38,138.48,340.94,159.61,145.84,135.31,222.11,221.94,202.69,224.6,218.73,136.33,250.64,235.79,233.16,230.6,223.07,217.78,216.87,212.91,247.36,236.18,232.47,229.14,224.58,224.82,223.33,137.58,149.23,133.62,130.41,129.33,117.68,115.49,132.08,115.56,140.36,132.35,119.67,121.09,116.46,209.84,174.93,191.92,114.21,118.26,113.72,138.78,159.6,159.19,331.52,284.12,251.83,223.6,231.13,267.13,230.51,133.71,130.86,134.85,135.19,125.54,349.78,302.18,273.7,323.93,302.49,281.73,275.91,128.08,193.52,113.64,117.2,400.02,116.19,114.82,148.41,231.98,197.14,250.55,115.16,114.46
2,2022-03-01,249.18,249.42,246.74,140.57,242.25,260.31,207.65,174.71,154.3,173.49,396.29,631.27,364.59,277.6,149.32,494.77,200.79,256.31,595.58,409.96,269.33,233.26,525.64,245.1,227.9,178.36,430.69,238.11,249.59,234.98,173.8,559.79,152.83,658.72,489.8,256.11,225.73,152.69,209.82,199.48,267.26,259.24,396.46,248.37,229.8,292.09,309.45,320.79,204.34,473.72,243.89,292.45,236.53,188.61,516.27,192.42,273.56,215.28,212.37,481.33,401.22,175.33,253.27,260.54,189.98,264.74,398.76,540.42,231.82,214.76,607.35,650.13,154.01,164.29,248.07,395.43,457.91,263.18,403.47,227.64,241.72,200.27,164.47,270.28,155.02,249.28,285.8,155.63,228.9,251.22,390.01,304.33,243.31,340.98,459.83,658.49,258.47,156.82,164.15,473.65,157.29,252.34,510.99,227.3,206.91,228.38,246.29,156.68,146.45,542.28,202.31,247.44,517.04,245.5,509.48,240.58,181.14,500.54,375.13,332.22,143.53,351.9,156.52,395.44,367.23,636.84,395.95,347.88,215.83,187.81,181.62,183.51,438.69,401.52,186.13,262.42,299.58,226.78,277.34,238.89,270.55,437.8,251.53,251.65,268.69,147.63,385.31,280.74,263.46,437.34,184.84,254.89,281.72,143.13,277.87,149.69,189.35,251.37,246.52,330.42,246.48,132.21,322.88,242.01,459.8,138.84,255.35,412.63,225.65,142.08,347.72,169.86,253.01,226.6,246.42,149.02,241.38,156.79,608.06,224.91,252.88,311.1,188.02,155.13,397.95,259.49,183.97,307.16,252.38,433.47,183.14,195.06,157.22,408.84,277.97,325.9,145.94,525.97,596.32,196.48,297.24,287.48,161.08,216.07,241.33,179.94,143.63,215.31,216.44,501.43,515.86,154.88,493.32,160.15,153.77,491.56,272.76,236.06,278.87,564.92,297.18,398.66,231.96,177.97,547.37,262.7,253.1,522.1,323.47,634.84,370.79,261.85,177.17,483.19,165.18,520.54,492.48,424.66,637.84,446.69,283.88,208.24,154.72,354.19,349.76,228.03,262.04,172.16,143.09,142.29,244.84,278.99,428.16,166.24,335.05,388.28,638.41,146.43,640.55,396.34,297.15,239.29,140.5,253.7,475.06,455.0,173.1,268.84,209.56,140.94,310.94,608.06,211.88,494.15,315.62,260.24,183.85,252.22,429.2,261.06,522.55,216.76,188.58,162.62,325.26,277.32,257.02,422.61,399.24,262.59,163.45,490.15,158.76,187.1,152.56,116.13,119.69,119.37,118.4,116.03,115.7,116.33,116.49,123.31,127.52,114.39,118.35,114.98,126.69,133.43,132.74,139.62,149.91,127.48,137.52,127.2,127.61,143.83,176.74,118.66,114.92,119.27,115.66,118.38,115.66,115.82,113.61,125.88,118.13,115.69,112.83,118.26,131.88,131.58,116.22,119.77,116.83,166.86,133.04,155.2,117.97,149.67,119.75,129.85,120.24,123.33,135.89,134.25,134.56,125.2,126.87,115.96,115.84,273.99,224.8,219.13,217.96,216.09,212.73,212.04,201.51,221.34,227.84,401.35,386.29,402.2,329.28,112.63,113.18,112.46,114.46,115.35,202.03,235.83,255.56,254.23,198.3,199.11,118.89,119.42,132.45,124.99,226.56,214.94,131.44,128.42,235.85,124.61,121.25,132.22,132.25,132.46,116.33,227.87,211.86,184.57,167.2,259.63,243.02,216.53,251.72,231.33,298.63,291.83,284.62,197.38,138.59,340.94,160.03,145.82,135.3,222.29,221.95,202.74,224.65,218.72,136.33,250.65,235.87,233.16,230.6,223.03,217.82,216.89,212.93,247.47,236.22,232.52,229.14,224.58,224.84,223.33,137.68,149.31,133.62,130.45,129.33,117.78,115.52,132.11,115.57,140.36,132.44,119.71,121.12,116.54,209.88,175.04,191.92,114.21,118.32,113.73,138.79,159.67,159.27,331.52,284.11,251.83,223.6,231.18,267.15,230.51,133.78,130.9,134.88,135.22,125.54,349.82,302.22,273.76,323.93,302.48,281.79,275.95,128.21,193.51,113.7,117.27,400.03,116.25,114.89,148.47,232.0,197.15,250.55,115.21,114.53
3,2022-04-01,249.16,249.41,246.76,140.61,242.42,260.28,207.64,174.68,154.28,173.48,396.2,631.51,364.78,277.6,149.38,494.51,200.79,256.26,595.67,410.07,269.33,233.24,525.61,245.12,227.89,178.37,430.67,238.11,249.64,235.0,173.76,559.9,152.82,658.68,489.99,256.11,225.85,152.68,209.8,199.41,267.24,259.23,396.46,248.37,229.79,292.15,309.41,321.03,204.34,473.72,243.91,292.56,236.49,188.47,516.28,192.4,273.55,215.24,212.32,481.4,401.16,175.29,253.3,260.28,189.94,264.52,398.73,540.62,231.78,214.81,607.2,650.5,154.08,164.25,248.08,395.43,458.05,263.16,403.43,227.81,241.74,200.25,164.44,270.31,154.98,249.27,285.71,155.59,228.91,251.25,390.1,304.31,243.31,340.97,460.08,658.49,258.41,156.8,164.16,473.67,157.27,252.36,511.04,227.26,206.9,228.39,246.25,156.66,146.46,542.44,202.29,247.47,517.14,245.46,509.61,240.63,181.12,500.63,375.21,332.25,143.53,351.83,156.67,395.43,367.47,636.95,395.99,347.85,215.8,187.75,181.6,183.44,438.58,401.46,186.08,262.37,299.64,226.77,277.74,238.82,270.55,437.83,251.56,251.68,268.51,147.66,385.58,280.83,263.44,437.35,184.83,254.96,281.73,143.03,277.93,149.77,189.32,251.38,246.51,330.55,246.46,132.12,322.83,242.02,459.96,138.92,255.34,412.6,225.67,142.08,347.71,169.83,253.02,226.52,246.42,149.02,241.4,156.81,608.13,224.91,252.89,311.1,187.95,155.12,397.87,259.38,183.91,307.16,252.36,433.27,183.06,195.01,157.29,408.69,277.89,325.79,145.96,526.13,596.37,196.45,297.28,287.53,161.09,216.07,241.39,179.92,143.66,215.34,216.4,501.48,515.86,154.86,493.07,160.13,153.75,491.69,272.33,236.14,278.84,565.12,297.16,398.71,231.92,177.92,547.48,262.69,253.06,522.13,323.5,634.88,370.84,261.87,177.17,483.2,165.16,520.53,492.47,424.64,638.24,446.65,283.89,208.27,154.71,354.36,349.74,228.02,262.07,172.04,143.11,142.34,244.84,279.02,428.18,166.24,334.99,388.38,638.57,146.46,640.71,396.31,297.23,239.17,140.32,253.66,475.24,455.46,173.01,268.86,209.54,140.93,310.86,608.13,211.87,493.89,315.61,260.26,183.83,252.21,429.26,261.11,522.56,216.67,188.55,162.69,325.18,277.27,256.77,422.53,399.29,262.67,163.48,490.19,158.74,187.04,152.45,116.16,119.73,119.38,118.41,115.93,115.7,116.3,116.4,123.32,127.45,114.39,118.36,114.99,126.67,133.34,132.7,139.71,149.81,127.47,137.5,127.21,127.7,143.93,176.74,118.7,114.9,119.3,115.66,118.38,115.65,115.79,113.56,125.91,118.14,115.71,112.88,118.26,131.89,131.59,116.24,119.8,116.79,166.8,133.01,155.21,118.02,149.64,119.78,129.83,120.26,123.34,135.89,134.21,134.5,125.2,126.86,115.91,115.82,273.97,224.75,219.09,217.96,216.11,212.7,211.99,201.43,221.32,228.0,401.34,386.28,402.18,329.32,112.6,113.11,112.53,114.47,115.38,202.01,235.85,255.59,254.25,198.23,199.17,118.85,119.5,132.46,124.99,226.5,214.96,131.42,128.49,235.88,124.62,121.25,132.23,132.25,132.47,116.35,227.81,211.58,184.68,167.18,259.67,243.01,216.49,251.71,231.24,298.61,291.71,284.63,197.4,138.55,340.91,160.16,145.8,135.29,222.27,221.94,202.72,224.67,218.69,136.32,250.65,235.86,233.18,230.42,223.02,217.82,216.9,212.95,247.41,236.26,232.52,229.17,224.63,224.84,223.33,137.76,149.35,133.48,130.41,129.28,117.76,115.43,131.98,115.54,140.38,132.48,119.75,121.18,116.56,209.95,175.06,191.87,114.24,118.31,113.68,138.8,159.65,159.25,331.5,284.09,251.81,223.59,231.24,267.15,230.47,133.75,130.92,134.78,135.19,125.53,349.75,302.22,273.76,323.92,302.41,281.73,275.93,128.22,193.5,113.68,117.29,400.02,116.27,114.93,148.55,232.02,197.13,250.57,115.2,114.51
4,2022-05-01,249.2,249.4,246.75,140.59,243.09,260.27,207.52,174.65,154.28,173.48,396.21,631.81,364.91,277.59,149.38,494.49,200.73,256.24,596.03,410.14,269.29,233.18,525.8,245.14,227.82,178.31,430.73,238.07,249.61,234.93,173.73,560.4,152.81,658.67,490.11,256.1,225.72,152.66,209.77,199.34,267.16,259.2,396.44,248.36,229.72,292.28,309.53,321.07,204.34,473.82,243.89,292.51,236.46,188.32,516.48,192.42,273.56,215.24,212.31,481.56,401.2,175.27,253.24,260.34,189.94,264.67,398.76,541.11,231.71,214.89,607.09,650.74,154.24,164.29,248.09,395.58,458.11,263.17,403.53,227.92,241.81,200.19,164.4,270.3,154.99,249.23,285.76,155.59,228.84,251.23,390.14,304.33,243.31,340.99,460.34,658.51,258.52,156.8,164.2,473.78,157.26,252.32,511.19,227.26,206.86,228.37,246.25,156.65,146.46,543.1,202.24,247.48,517.5,245.48,510.1,240.51,181.13,500.61,375.28,332.25,143.48,351.84,156.82,395.68,367.63,637.1,396.07,347.83,215.9,187.67,181.59,183.27,438.58,401.49,186.01,262.21,299.62,226.81,277.82,238.73,270.56,437.91,251.58,251.66,268.21,147.67,385.7,280.82,263.55,437.34,184.83,254.91,281.7,143.17,277.89,149.88,189.32,251.36,246.53,330.76,246.5,132.23,322.8,242.02,460.08,138.79,255.31,412.59,225.68,142.17,347.69,169.82,253.01,226.55,246.42,149.02,241.41,156.88,608.28,224.81,252.89,311.1,187.88,155.11,397.93,259.41,183.85,307.15,252.32,433.31,183.08,195.05,157.42,408.69,277.91,325.81,145.94,526.7,596.84,196.35,297.23,287.5,161.12,216.06,241.25,179.85,143.62,215.37,216.38,501.57,515.96,154.82,493.16,160.13,153.75,491.82,271.93,236.22,278.82,565.4,297.12,398.96,231.96,177.86,547.96,262.6,253.21,522.32,323.64,634.87,370.92,261.92,177.11,483.14,165.26,520.64,492.57,424.7,638.45,446.79,283.82,208.21,154.72,354.55,349.72,227.95,261.93,172.07,143.04,142.35,244.82,278.96,428.2,166.17,334.98,388.56,638.73,146.47,641.28,396.36,297.16,239.12,140.59,253.67,475.3,455.38,173.04,268.84,209.56,140.87,310.74,608.27,211.91,493.89,315.68,260.25,183.85,252.38,429.23,261.19,522.63,216.85,188.47,162.9,325.19,277.3,256.85,422.55,399.4,262.57,163.57,490.22,158.69,186.96,152.48,116.13,119.7,119.34,118.44,115.91,115.62,116.26,116.22,123.3,127.4,114.38,118.32,114.99,126.64,133.29,132.64,139.63,149.84,127.43,137.5,127.14,127.6,143.98,176.71,118.66,114.83,119.31,115.64,118.34,115.63,115.73,113.57,125.84,118.15,115.68,112.87,118.29,131.9,131.6,115.99,119.81,116.68,166.78,132.97,155.16,118.02,149.68,119.76,129.75,120.26,123.31,135.88,134.05,134.33,125.2,126.85,115.83,115.77,273.98,224.74,219.07,217.86,216.07,212.7,211.97,201.37,221.23,227.97,401.31,386.27,402.19,329.33,112.5,113.05,112.65,114.34,115.26,202.01,235.82,255.56,254.18,198.25,199.17,118.79,119.5,132.46,124.97,226.39,214.94,131.34,128.31,235.86,124.61,121.22,132.24,132.27,132.49,116.36,227.8,211.33,184.64,167.16,259.7,243.04,216.53,251.73,231.21,298.63,291.85,284.66,197.35,138.33,340.91,160.1,145.8,135.29,222.18,221.92,202.75,224.54,218.6,136.26,250.64,235.88,233.22,230.41,223.03,217.81,216.9,212.94,247.32,236.21,232.47,229.01,224.61,224.82,223.32,137.77,149.32,133.27,130.2,129.11,117.7,115.33,131.79,115.53,140.41,132.42,119.76,121.14,116.54,209.92,175.08,191.76,114.22,118.3,113.53,138.8,159.51,159.15,331.37,284.06,251.82,223.56,231.22,267.16,230.53,133.71,130.92,134.7,135.07,125.54,349.68,302.2,273.66,323.97,302.41,281.67,275.88,128.15,193.5,113.61,117.28,400.03,116.16,114.8,148.45,231.99,197.13,250.59,115.14,114.45
5,2022-06-01,249.26,249.41,246.82,140.55,243.39,260.35,207.56,174.63,154.27,173.52,396.19,631.8,364.94,277.59,149.51,494.4,200.69,256.31,596.44,410.14,269.33,233.34,526.12,245.17,227.98,178.42,430.63,238.0,249.7,234.97,173.76,560.95,152.8,658.69,489.91,256.04,225.72,152.63,209.73,199.14,267.26,259.22,396.85,248.38,229.89,292.26,309.6,320.76,204.33,473.89,243.92,292.52,236.45,188.22,516.65,192.44,273.59,215.59,212.3,481.82,401.25,175.25,253.29,260.33,189.92,264.6,398.79,541.65,231.77,215.14,606.98,650.66,154.36,164.35,248.14,395.89,458.26,263.16,403.55,228.18,242.16,200.14,164.32,270.33,154.99,249.24,285.77,155.59,228.99,251.3,390.17,304.32,243.32,341.05,460.56,658.54,258.61,156.83,164.26,473.9,157.27,252.32,511.33,227.34,206.86,228.38,246.18,156.66,146.48,543.74,202.2,247.48,518.04,245.51,510.67,240.55,181.14,500.58,375.37,332.26,143.42,351.82,157.04,396.16,367.5,637.13,396.17,347.88,216.08,187.63,181.61,183.11,438.58,401.59,185.95,262.52,299.57,227.02,278.31,238.74,270.54,438.15,251.6,251.63,268.28,148.03,385.69,281.22,263.66,437.75,184.79,254.88,281.73,143.62,277.93,149.92,189.33,251.39,246.59,330.66,246.55,132.27,322.85,242.01,460.4,138.6,255.35,412.61,225.65,142.59,347.74,169.85,253.08,226.81,246.48,149.0,241.35,156.93,608.4,224.79,252.92,311.06,187.84,155.11,397.95,259.41,183.81,307.13,252.27,433.35,183.08,195.1,157.59,408.73,278.0,325.81,145.87,527.3,597.39,196.13,297.27,287.43,161.2,216.04,241.21,179.78,143.59,215.42,216.38,501.51,516.12,154.78,493.09,160.13,153.86,491.61,271.95,236.28,278.79,565.35,297.09,399.15,231.95,177.84,548.66,262.69,253.71,522.63,323.7,634.88,371.09,262.0,177.11,483.49,165.28,521.03,492.73,424.73,638.48,446.74,283.93,208.15,154.68,354.56,349.76,228.19,261.99,172.2,143.0,142.3,244.82,278.91,428.39,166.11,335.02,388.64,638.8,146.45,641.9,396.52,297.11,239.06,140.96,253.7,475.37,455.02,173.11,268.83,209.53,140.59,310.8,608.39,211.94,493.78,315.87,260.32,183.86,252.92,429.38,261.31,522.96,216.83,188.39,163.18,325.19,277.29,256.77,422.53,399.53,262.59,164.04,490.16,158.66,186.91,152.48,115.98,119.64,119.13,118.37,115.62,115.42,116.11,115.99,123.26,127.27,114.33,118.23,114.9,126.59,133.25,132.55,139.63,149.65,127.41,137.47,127.1,127.53,143.87,176.71,118.57,114.64,119.17,115.52,118.2,115.49,115.63,113.46,125.84,118.04,115.6,112.81,118.27,131.92,131.62,115.74,119.85,116.52,166.69,132.95,155.09,118.03,149.69,119.7,129.72,120.27,123.27,135.88,133.75,134.17,125.21,126.79,115.49,115.63,274.02,224.66,218.97,217.78,215.91,212.61,211.92,201.34,221.14,227.65,401.31,386.25,402.21,328.92,112.32,112.9,112.59,114.05,115.07,202.04,235.79,255.52,254.17,198.19,199.04,118.65,119.43,132.46,124.96,226.32,214.92,131.31,128.21,235.84,124.61,121.23,132.26,132.28,132.5,116.36,227.77,210.57,184.63,167.11,259.73,243.02,216.47,251.77,231.0,298.57,291.75,284.57,197.29,138.2,340.92,159.8,145.79,135.28,222.12,221.91,202.72,224.4,218.41,136.13,250.62,235.84,233.12,230.31,223.0,217.75,216.78,212.92,247.38,236.12,232.48,228.81,224.55,224.73,223.29,137.67,149.25,132.94,129.85,128.9,117.59,115.03,131.44,115.56,140.37,132.44,119.64,120.98,116.41,209.67,175.04,191.55,114.12,118.1,113.29,138.81,159.39,158.95,331.27,283.9,251.8,223.21,231.11,267.16,230.4,133.68,130.92,134.57,134.85,125.53,349.6,302.21,273.54,323.93,302.43,281.6,275.85,128.02,193.51,113.42,117.22,400.07,115.97,114.49,148.21,231.85,197.13,250.55,115.03,114.35
6,2022-07-01,249.25,249.38,246.89,140.42,243.48,260.32,207.38,174.5,154.29,173.52,396.16,631.6,364.87,277.64,149.54,494.11,200.62,256.22,596.4,410.12,269.3,233.34,525.82,245.18,227.99,178.47,430.68,237.97,249.72,234.93,173.71,561.02,152.77,658.69,489.77,256.02,225.72,152.59,209.58,198.89,267.16,259.19,396.84,248.43,229.85,292.27,309.56,320.22,204.3,473.89,243.89,292.54,236.44,187.96,516.42,192.43,273.57,215.58,212.26,481.68,401.24,175.17,253.25,260.11,189.9,264.45,398.78,541.58,231.8,215.04,606.9,650.52,154.32,164.29,248.15,395.92,458.31,263.15,403.48,228.0,242.1,200.08,164.13,270.36,155.0,249.22,285.76,155.59,228.97,251.32,390.19,304.34,243.33,341.04,460.48,658.62,258.56,156.85,164.26,473.88,157.27,252.26,511.11,227.36,206.81,228.34,246.0,156.65,146.38,543.54,202.09,247.54,517.99,245.51,510.51,240.53,181.13,500.58,375.33,332.37,143.22,351.77,157.07,396.19,367.45,637.08,396.1,347.9,216.03,187.59,181.55,182.94,438.6,401.61,185.9,262.29,299.59,226.97,277.83,238.76,270.53,438.22,251.61,251.58,268.1,148.12,385.55,281.04,263.65,437.77,184.77,254.92,281.71,143.4,277.91,149.89,189.31,251.35,246.6,330.57,246.57,132.18,322.81,242.0,460.48,138.45,255.38,412.63,225.64,142.51,347.79,169.82,253.07,226.59,246.52,148.95,241.33,156.9,608.36,224.76,252.95,311.06,187.78,155.1,397.93,259.4,183.74,307.13,252.2,433.37,183.02,195.1,157.65,408.79,278.02,325.83,145.63,527.14,597.27,195.89,297.28,287.48,161.17,216.0,241.22,179.65,143.35,215.36,216.38,501.29,515.82,154.69,492.55,160.13,154.04,491.54,271.95,236.3,278.76,565.22,297.17,399.07,231.9,177.81,548.64,262.58,253.61,522.37,323.61,634.88,371.12,262.01,177.07,483.15,165.14,520.79,492.61,424.71,638.44,446.75,283.98,208.12,154.57,354.55,349.75,228.23,261.9,172.09,142.76,142.15,244.75,278.89,428.4,165.87,335.2,388.56,638.71,146.14,641.71,396.52,297.17,238.99,140.85,253.69,475.36,454.85,173.04,268.84,209.61,140.34,310.8,608.35,211.9,493.5,315.82,260.32,183.79,252.72,429.51,261.27,522.74,216.71,188.3,163.09,325.21,277.31,256.61,422.53,399.46,262.52,164.04,489.96,158.66,186.87,152.41,115.7,119.46,118.87,118.32,115.49,115.23,115.91,115.73,123.17,127.22,114.19,118.07,114.82,126.51,133.16,132.49,139.53,149.5,127.39,137.46,127.04,127.34,144.05,176.66,118.37,114.28,118.93,115.38,118.13,115.35,115.56,113.37,125.75,117.87,115.45,112.81,118.21,131.86,131.58,115.29,119.77,116.3,166.62,132.84,154.94,117.84,149.66,119.52,129.28,120.17,123.23,135.88,133.64,134.13,125.21,126.74,115.35,115.47,274.03,224.63,218.96,217.8,215.71,212.4,211.89,201.26,221.17,227.28,401.34,386.27,402.23,328.63,112.19,112.62,112.44,113.98,114.96,202.03,235.69,255.48,254.18,198.24,199.1,118.6,119.3,132.43,124.95,226.26,214.9,131.22,128.03,235.84,124.57,121.19,132.23,132.26,132.44,116.28,227.74,210.63,184.63,167.04,259.75,242.94,216.39,251.76,230.69,298.53,291.74,284.52,197.17,138.13,340.91,159.55,145.78,135.27,222.13,221.9,202.68,224.27,218.31,136.01,250.59,235.77,233.05,230.28,222.93,217.67,216.62,212.92,247.52,236.18,232.51,228.79,224.56,224.79,223.31,137.37,149.06,132.59,129.66,128.74,117.34,114.78,131.02,115.58,140.39,132.28,119.44,120.8,116.19,209.54,174.97,191.5,114.01,117.9,112.97,138.81,159.32,158.84,331.26,283.86,251.77,223.09,231.1,267.14,230.32,133.62,130.91,134.46,134.58,125.51,349.64,302.19,273.44,323.88,302.45,281.51,275.86,127.84,193.48,113.15,117.11,400.08,115.73,114.13,148.09,231.76,197.07,250.5,114.85,114.18
7,2022-08-01,249.24,249.38,246.86,140.29,243.5,260.26,207.3,174.53,154.29,173.56,396.19,631.58,364.84,277.64,149.64,494.17,200.67,256.23,596.26,410.1,269.26,233.44,525.49,245.27,228.02,178.36,430.76,237.86,249.69,235.0,173.83,560.79,152.75,658.77,489.71,255.96,225.97,152.61,209.54,198.91,267.22,259.22,396.66,248.51,229.82,292.17,309.56,320.19,204.32,473.86,243.98,292.53,236.42,187.94,516.22,192.5,273.58,215.29,212.22,481.57,401.21,175.19,253.2,260.05,189.92,264.66,398.79,541.35,231.82,214.93,606.91,650.33,154.26,164.36,248.14,395.81,458.21,263.16,403.48,227.66,241.86,200.1,164.13,270.46,155.0,249.25,285.73,155.62,229.24,251.34,390.22,304.33,243.45,341.11,460.23,658.72,258.53,156.9,164.32,473.82,157.33,252.21,510.93,227.38,206.85,228.35,246.02,156.69,146.35,543.28,202.01,247.55,517.81,245.46,510.32,240.65,181.13,500.55,375.25,332.36,143.2,351.81,157.05,395.94,367.26,637.02,396.06,348.0,215.89,187.61,181.64,182.97,438.56,401.69,185.93,262.48,299.53,226.88,277.64,238.73,270.46,438.08,251.49,251.49,268.01,147.8,385.48,280.57,263.59,437.69,184.75,255.21,281.69,143.12,277.85,149.64,189.43,251.35,246.53,330.24,246.52,132.24,322.75,242.07,460.28,138.46,255.46,412.64,225.57,142.24,347.81,169.86,253.1,226.66,246.6,148.95,241.2,156.9,608.28,224.75,252.86,311.06,187.81,155.1,398.01,259.32,183.78,307.14,252.21,433.26,183.11,195.12,157.59,409.05,278.04,325.78,145.64,526.94,597.01,195.92,297.32,287.41,161.19,216.02,241.19,179.64,143.31,215.23,216.42,501.27,515.75,154.67,492.73,160.14,154.06,491.45,272.18,236.29,278.75,565.21,297.16,398.98,231.86,177.84,548.33,262.49,253.33,522.12,323.57,634.86,371.07,261.94,177.09,483.28,165.06,520.54,492.48,424.75,638.31,446.9,284.04,208.14,154.56,354.47,349.74,228.29,261.85,172.15,142.72,142.16,244.62,278.86,428.45,165.78,335.34,388.48,638.65,146.13,641.47,396.54,297.21,239.07,140.4,253.7,475.05,454.39,173.06,268.79,209.58,140.31,310.74,608.29,211.92,493.58,315.83,260.38,183.87,252.46,429.48,261.27,522.5,216.8,188.36,162.71,325.26,277.29,256.61,422.56,399.44,262.5,163.84,489.94,158.66,186.91,152.37,115.58,119.43,118.84,118.27,115.45,115.16,115.87,115.6,123.08,127.12,114.16,118.07,114.75,126.54,133.1,132.44,139.3,149.36,127.43,137.43,127.05,127.31,143.99,176.61,118.32,114.16,118.92,115.37,118.08,115.35,115.58,113.37,125.78,117.85,115.38,112.79,118.16,131.83,131.54,115.09,119.76,116.3,166.52,132.85,154.91,117.79,149.68,119.47,129.27,120.18,123.22,135.87,133.62,134.09,125.2,126.74,115.32,115.44,274.05,224.72,218.89,217.8,215.67,212.41,211.88,201.29,221.1,226.84,401.31,386.28,402.21,328.45,112.11,112.52,112.32,113.89,114.97,202.03,235.59,255.27,254.19,198.18,199.04,118.56,119.2,132.36,124.92,226.3,214.89,131.17,128.07,235.82,124.56,121.18,132.19,132.22,132.4,116.28,227.73,210.75,184.6,167.04,259.69,242.95,216.39,251.75,230.76,298.52,291.83,284.52,197.19,138.11,340.94,159.03,145.77,135.26,221.98,221.9,202.63,224.2,218.3,136.02,250.57,235.68,232.98,230.21,222.91,217.62,216.49,212.88,247.47,236.12,232.52,228.61,224.51,224.65,223.26,137.25,148.91,132.49,129.63,128.74,117.29,114.75,130.93,115.58,140.29,132.34,119.36,120.73,116.24,209.37,174.93,191.52,114.06,117.88,112.89,138.82,159.33,158.86,331.23,283.76,251.75,223.06,231.1,267.1,230.3,133.55,130.86,134.42,134.58,125.55,349.69,302.27,273.39,324.02,302.52,281.54,275.84,127.78,193.46,113.17,117.04,400.09,115.67,114.05,148.0,231.65,197.07,250.45,114.85,114.13
8,2022-09-01,249.22,249.34,246.8,140.25,243.46,260.31,207.3,174.52,154.3,173.54,396.27,631.47,364.71,277.64,149.49,494.25,200.67,256.18,596.03,410.05,269.24,233.33,525.52,245.3,227.98,178.35,430.89,237.92,249.71,235.03,173.8,560.48,152.74,658.82,489.79,255.94,225.96,152.6,209.54,198.88,267.22,259.24,396.65,248.46,229.75,292.29,309.5,320.19,204.3,473.86,244.01,292.54,236.46,187.94,516.21,192.5,273.57,215.19,212.23,481.55,401.22,175.16,253.19,260.0,189.86,264.66,398.78,541.09,231.74,214.86,607.01,650.27,154.22,164.38,248.15,395.76,458.21,263.17,403.44,227.57,241.72,200.12,164.1,270.41,155.0,249.18,285.71,155.63,229.13,251.34,390.23,304.34,243.54,341.12,460.17,658.79,258.52,156.89,164.32,473.81,157.36,252.21,510.9,227.34,206.87,228.34,246.0,156.69,146.28,542.9,202.03,247.49,517.66,245.42,510.03,240.56,181.13,500.53,375.24,332.39,143.14,351.85,157.0,395.91,367.3,637.03,396.07,348.07,215.76,187.63,181.61,183.0,438.57,401.69,185.95,262.38,299.58,226.77,277.28,238.65,270.47,437.91,251.47,251.49,268.0,147.77,385.38,280.45,263.45,437.4,184.76,255.08,281.69,143.06,277.84,149.77,189.43,251.34,246.47,330.22,246.47,132.32,322.76,242.05,460.23,138.64,255.53,412.65,225.61,142.13,347.83,169.86,253.07,226.54,246.6,148.92,241.2,156.89,608.26,224.69,252.87,311.06,187.85,155.07,398.07,259.33,183.82,307.12,252.23,433.35,183.1,195.15,157.44,409.07,278.01,325.82,145.61,526.59,596.76,195.9,297.32,287.45,161.15,216.02,241.16,179.63,143.3,215.23,216.46,501.3,515.72,154.67,492.71,160.14,154.04,491.6,272.4,236.25,278.75,565.16,297.22,399.0,231.86,177.86,548.02,262.45,253.23,522.11,323.53,634.88,371.07,261.97,177.11,483.38,165.04,520.54,492.44,424.76,638.33,446.91,284.01,208.13,154.55,354.42,349.74,228.18,261.77,172.12,142.71,142.1,244.62,278.87,428.47,165.78,335.35,388.43,638.6,146.08,641.1,396.49,297.21,239.02,140.45,253.64,475.05,454.54,173.06,268.8,209.56,140.34,310.68,608.23,211.9,493.75,315.7,260.37,183.86,252.4,429.51,261.3,522.48,216.71,188.39,162.69,325.26,277.27,256.58,422.59,399.46,262.5,163.69,490.02,158.66,186.94,152.54,115.59,119.4,118.8,118.2,115.32,115.11,115.74,115.48,123.05,127.07,114.08,117.97,114.72,126.6,133.08,132.45,139.22,149.25,127.33,137.39,127.0,127.21,144.02,176.6,118.23,114.11,118.82,115.35,118.05,115.29,115.55,113.3,125.89,117.74,115.33,112.74,118.06,131.82,131.52,115.09,119.69,116.2,166.5,132.83,154.91,117.83,149.68,119.4,129.35,120.21,123.21,135.85,133.5,134.1,125.19,126.73,115.31,115.41,274.03,224.62,218.95,217.78,215.68,212.39,211.86,201.29,221.15,226.99,401.33,386.29,402.23,328.51,112.08,112.52,112.29,113.92,114.96,202.04,235.61,255.22,254.22,198.08,199.1,118.57,119.14,132.36,124.92,226.27,214.88,131.13,127.92,235.84,124.52,121.17,132.18,132.22,132.39,116.27,227.72,210.8,184.54,167.0,259.64,242.9,216.37,251.73,230.6,298.55,291.83,284.54,197.17,138.15,340.93,159.05,145.73,135.25,222.07,221.89,202.61,224.09,218.38,135.98,250.58,235.62,233.01,230.23,222.94,217.62,216.48,212.89,247.53,236.2,232.57,228.71,224.58,224.73,223.3,137.14,148.82,132.6,129.63,128.69,117.17,114.71,130.87,115.6,140.33,132.25,119.32,120.6,116.1,209.44,174.87,191.48,113.93,117.83,112.89,138.82,159.21,158.74,331.25,283.79,251.76,223.15,231.16,267.12,230.33,133.53,130.83,134.42,134.59,125.61,349.68,302.26,273.44,324.02,302.5,281.55,275.85,127.66,193.45,113.1,116.91,400.09,115.57,114.0,147.91,231.71,197.03,250.38,114.76,114.09
9,2022-10-01,249.19,249.29,246.72,140.19,242.91,260.2,207.34,174.56,154.31,173.55,396.33,631.45,364.67,277.64,149.36,494.44,200.74,255.8,595.81,410.02,269.3,233.11,525.32,245.2,227.97,178.27,430.85,237.87,249.68,234.95,173.83,560.18,152.74,658.91,489.94,256.03,225.8,152.61,209.67,199.03,267.16,259.23,396.52,248.43,229.69,292.32,309.5,320.37,204.31,473.79,243.92,292.46,236.51,188.04,516.17,192.54,273.57,215.08,212.16,481.32,401.12,175.19,253.14,259.85,189.81,264.35,398.77,540.78,231.7,214.71,606.87,650.27,154.13,164.31,248.13,395.62,457.97,263.19,403.33,227.36,241.54,200.14,164.11,270.39,154.99,249.16,285.73,155.61,228.94,251.29,390.18,304.35,243.41,341.11,459.93,658.79,258.52,156.89,164.26,473.69,157.37,252.22,510.86,227.25,206.91,228.38,246.04,156.69,146.32,542.66,202.06,247.46,517.36,245.43,509.8,240.46,181.15,500.55,375.23,332.39,143.22,351.9,156.86,395.63,367.33,637.05,396.02,348.01,215.61,187.67,181.62,183.07,438.57,401.61,186.02,262.04,299.67,226.7,276.88,238.7,270.57,437.85,251.43,251.53,268.0,147.54,385.38,280.39,263.42,437.3,184.78,254.85,281.74,142.89,277.83,149.65,189.38,251.39,246.47,330.25,246.47,132.15,322.79,242.01,460.0,138.73,255.5,412.62,225.6,141.8,347.84,169.88,253.03,226.54,246.62,148.92,241.26,156.84,608.24,224.82,252.86,311.06,187.9,155.07,397.99,259.3,183.88,307.15,252.36,433.29,183.08,195.15,157.23,408.99,277.98,325.79,145.67,526.33,596.53,195.94,297.22,287.46,161.09,216.06,241.14,179.67,143.35,215.28,216.47,501.35,515.53,154.67,492.83,160.14,154.02,491.77,272.32,236.22,278.79,565.15,297.22,398.82,231.92,177.92,547.73,262.4,252.83,521.91,323.48,634.92,371.03,261.96,177.14,483.31,164.96,520.39,492.25,424.76,638.33,446.78,283.93,208.15,154.55,354.35,349.74,228.13,261.68,172.08,142.78,142.1,244.68,278.97,428.26,165.85,335.35,388.35,638.62,146.16,640.79,396.37,297.06,239.05,139.95,253.68,474.89,454.18,173.04,268.86,209.57,140.41,310.68,608.22,211.9,493.84,315.75,260.29,183.81,252.08,429.25,261.18,522.31,216.78,188.43,162.37,325.22,277.27,256.52,422.59,399.3,262.37,163.57,490.13,158.69,186.99,152.57,115.65,119.41,118.84,118.2,115.37,115.16,115.74,115.46,123.04,127.09,114.1,118.0,114.73,126.63,133.1,132.46,139.22,149.22,127.34,137.4,126.98,127.25,144.05,176.56,118.25,114.16,118.87,115.39,118.05,115.33,115.61,113.36,125.9,117.7,115.3,112.78,118.04,131.8,131.49,115.3,119.7,116.23,166.47,132.87,154.91,117.83,149.65,119.44,129.35,120.24,123.21,135.84,133.55,134.21,125.18,126.78,115.44,115.49,274.16,224.74,219.0,217.82,215.69,212.4,211.89,201.36,221.16,227.01,401.31,386.29,402.22,328.59,112.22,112.67,112.35,113.98,115.0,202.07,235.69,255.24,254.27,198.07,199.1,118.7,119.17,132.34,124.91,226.34,214.91,131.13,127.98,235.84,124.49,121.17,132.17,132.22,132.38,116.28,227.74,211.2,184.48,167.01,259.6,242.88,216.36,251.72,230.58,298.55,291.87,284.56,197.22,138.17,340.93,158.84,145.72,135.25,222.04,221.88,202.62,224.04,218.53,136.07,250.59,235.64,233.1,230.29,222.96,217.62,216.56,212.89,247.5,236.21,232.61,228.75,224.57,224.72,223.35,137.17,148.77,132.7,129.76,128.83,117.21,114.79,130.97,115.6,140.3,132.28,119.39,120.58,116.17,209.48,174.83,191.55,113.96,117.84,113.03,138.83,159.22,158.73,331.4,283.85,251.78,223.27,231.13,267.13,230.32,133.53,130.82,134.45,134.72,125.64,349.79,302.43,273.43,323.99,302.47,281.68,275.89,127.68,193.47,113.17,116.91,400.08,115.61,114.13,147.96,231.79,197.03,250.39,114.8,114.11
10,2022-11-01,249.2,249.24,246.7,140.25,242.45,260.28,207.4,174.63,154.29,173.51,396.33,631.38,364.63,277.64,149.34,494.59,200.75,255.72,595.69,409.94,269.36,233.2,525.19,245.18,227.9,178.24,430.76,237.91,249.59,234.99,173.82,559.99,152.74,658.8,489.91,256.07,225.7,152.62,209.83,199.01,267.2,259.21,396.38,248.39,229.66,292.01,309.55,319.72,204.29,473.77,243.93,292.43,236.51,188.25,515.99,192.49,273.53,215.02,212.21,481.21,401.1,175.23,253.15,259.88,189.78,264.37,398.76,540.63,231.72,214.6,606.77,650.12,154.02,164.32,248.09,395.51,457.71,263.21,403.26,227.21,241.44,200.19,164.15,270.3,155.0,249.1,285.69,155.61,229.08,251.25,390.05,304.35,243.4,341.08,459.76,658.72,258.44,156.87,164.24,473.67,157.37,252.25,510.76,227.21,206.92,228.35,246.07,156.7,146.32,542.47,202.18,247.44,517.12,245.43,509.65,240.47,181.12,500.46,375.12,332.36,143.3,351.91,156.64,395.47,367.19,637.0,395.91,347.94,215.52,187.72,181.65,183.15,438.52,401.59,186.07,261.94,299.59,226.56,277.05,238.65,270.54,437.57,251.36,251.61,268.0,147.19,385.3,279.98,263.39,436.95,184.78,254.72,281.71,142.86,277.76,149.61,189.4,251.39,246.45,330.08,246.46,132.21,322.75,242.02,459.68,138.9,255.53,412.6,225.58,141.66,347.8,169.9,253.0,226.51,246.55,148.93,241.28,156.86,608.14,224.87,252.86,311.08,187.93,155.05,398.01,259.27,183.92,307.18,252.42,433.19,183.12,195.09,157.15,408.93,277.99,325.76,145.7,526.14,596.41,196.14,297.14,287.42,161.06,216.05,241.13,179.75,143.43,215.27,216.49,501.5,515.43,154.73,493.21,160.15,154.03,491.85,272.42,236.13,278.83,565.08,297.19,398.67,231.87,177.92,547.55,262.4,252.66,521.78,323.31,634.86,370.86,261.86,177.18,482.78,164.96,520.24,492.22,424.78,638.26,446.74,283.84,208.14,154.6,354.16,349.7,228.07,261.72,172.11,142.88,142.12,244.76,278.97,428.14,165.96,335.28,388.3,638.54,146.2,640.68,396.41,297.01,239.04,139.74,253.58,474.74,453.62,173.12,268.87,209.5,140.63,310.67,608.14,211.86,494.0,315.58,260.27,183.85,251.98,429.05,261.12,522.12,216.54,188.5,162.16,325.26,277.26,256.43,422.54,399.2,262.45,163.35,490.22,158.71,187.03,152.48,115.75,119.39,118.83,118.22,115.45,115.27,115.81,115.63,123.07,127.14,114.1,118.01,114.76,126.68,133.17,132.49,139.22,149.25,127.38,137.44,126.98,127.26,143.99,176.58,118.24,114.3,118.83,115.44,118.08,115.43,115.66,113.37,125.86,117.73,115.29,112.72,118.04,131.8,131.5,115.62,119.64,116.24,166.6,132.85,154.93,117.83,149.65,119.42,129.44,120.23,123.19,135.85,133.63,134.2,125.18,126.79,115.6,115.65,274.12,224.73,219.04,217.83,215.87,212.49,211.95,201.45,221.11,227.01,401.35,386.26,402.25,328.63,112.3,112.95,112.38,114.08,115.1,202.05,235.76,255.24,254.29,198.19,199.04,118.73,119.14,132.31,124.91,226.35,214.9,131.13,127.99,235.82,124.49,121.15,132.15,132.22,132.38,116.28,227.72,211.48,184.4,166.97,259.55,242.84,216.35,251.68,230.7,298.53,291.84,284.53,197.25,138.27,340.92,158.75,145.75,135.24,222.02,221.89,202.6,224.05,218.65,136.1,250.59,235.63,233.18,230.41,223.04,217.62,216.73,212.87,247.4,236.16,232.56,228.9,224.54,224.68,223.32,137.14,148.8,133.05,129.97,128.88,117.21,114.96,131.21,115.59,140.19,132.16,119.4,120.61,116.1,209.54,174.79,191.57,113.94,117.92,113.32,138.84,159.18,158.76,331.37,283.92,251.79,223.39,231.03,267.1,230.31,133.53,130.8,134.53,134.91,125.63,349.75,302.41,273.57,324.01,302.51,281.78,275.87,127.7,193.44,113.28,116.88,400.06,115.73,114.22,148.01,231.76,196.99,250.31,114.86,114.19
11,2022-12-01,249.17,249.19,246.62,140.29,242.38,260.24,207.52,174.6,154.28,173.48,396.34,631.27,364.5,277.65,149.27,494.65,200.8,255.65,595.59,409.84,269.48,233.04,525.15,245.12,227.88,178.27,430.81,238.1,249.58,234.91,173.79,559.86,152.74,658.78,489.82,256.11,225.67,152.62,209.92,199.04,267.18,259.23,396.38,248.36,229.61,291.9,309.64,319.36,204.29,473.76,243.89,292.41,236.5,188.35,515.96,192.43,273.53,214.97,212.27,481.18,401.1,175.24,253.11,259.82,189.76,264.3,398.76,540.49,231.66,214.57,606.77,649.99,153.99,164.3,248.08,395.49,457.55,263.26,403.24,227.21,241.42,200.23,164.13,270.27,155.0,249.06,285.69,155.58,228.91,251.29,389.99,304.4,243.37,341.07,459.63,658.66,258.45,156.82,164.21,473.62,157.35,252.36,510.74,227.16,206.92,228.35,246.13,156.69,146.35,542.31,202.32,247.5,516.95,245.41,509.5,240.4,181.12,500.46,375.09,332.39,143.32,351.98,156.57,395.47,367.17,636.92,395.92,347.91,215.53,187.78,181.61,183.27,438.54,401.59,186.12,262.06,299.64,226.57,276.81,238.65,270.57,437.42,251.37,251.69,268.1,147.09,385.22,279.83,263.38,436.84,184.79,254.69,281.73,142.86,277.77,149.65,189.34,251.37,246.4,330.1,246.4,132.1,322.85,241.98,459.55,138.89,255.47,412.58,225.62,141.62,347.81,169.9,252.99,226.48,246.49,148.92,241.36,156.83,608.13,225.05,252.85,311.06,187.99,155.05,398.0,259.3,183.97,307.18,252.45,433.22,183.08,195.08,157.19,408.94,277.95,325.77,145.7,525.99,596.3,196.21,297.14,287.46,161.03,216.06,241.21,179.8,143.45,215.33,216.46,501.52,515.4,154.7,493.17,160.15,154.03,491.95,272.26,236.08,278.88,565.0,297.23,398.59,231.87,177.97,547.42,262.37,252.68,521.74,323.28,634.88,370.85,261.86,177.21,482.7,164.93,520.23,492.17,424.76,638.23,446.79,283.8,208.16,154.59,354.07,349.71,227.98,261.63,172.06,142.9,142.12,244.84,279.02,427.93,166.1,335.26,388.18,638.5,146.25,640.59,396.43,296.94,239.05,139.79,253.61,474.66,453.78,173.12,268.92,209.52,140.7,310.67,608.11,211.86,494.19,315.48,260.25,183.81,251.93,429.0,261.12,522.06,216.61,188.56,162.18,325.2,277.27,256.37,422.59,399.28,262.35,163.23,490.15,158.73,187.09,152.67,115.77,119.42,118.87,118.2,115.5,115.33,115.95,116.03,123.12,127.21,114.11,118.05,114.76,126.65,133.23,132.61,139.22,149.18,127.41,137.44,126.99,127.34,144.08,176.56,118.28,114.45,118.9,115.52,118.17,115.47,115.68,113.37,125.83,117.74,115.33,112.72,118.02,131.8,131.48,115.88,119.65,116.46,166.58,132.89,154.98,117.83,149.61,119.45,129.49,120.24,123.2,135.84,133.74,134.33,125.17,126.81,115.74,115.7,274.21,224.75,219.15,217.98,216.09,212.66,212.02,201.53,221.24,227.4,401.37,386.31,402.27,329.02,112.34,113.08,112.47,114.31,115.2,202.05,235.94,255.45,254.39,198.25,199.1,118.78,119.16,132.32,124.9,226.33,214.97,131.19,128.14,235.85,124.49,121.15,132.14,132.22,132.38,116.27,227.71,211.67,184.42,166.97,259.56,242.85,216.36,251.68,230.86,298.63,291.97,284.63,197.29,138.29,340.93,158.73,145.73,135.25,222.1,221.87,202.64,224.17,218.7,136.19,250.63,235.72,233.32,230.65,223.1,217.63,216.95,212.92,247.54,236.23,232.59,229.22,224.67,224.8,223.36,137.19,148.82,133.33,130.21,129.14,117.29,115.25,131.57,115.62,140.26,132.25,119.43,120.74,116.18,209.95,174.8,191.67,114.03,117.96,113.52,138.85,159.25,158.82,331.56,284.02,251.8,223.58,231.29,267.15,230.42,133.55,130.81,134.63,135.06,125.6,349.94,302.44,273.85,324.09,302.71,281.94,275.95,127.77,193.45,113.42,116.96,400.07,115.92,114.46,148.1,232.02,196.99,250.31,114.95,114.28
12,2023-01-01,249.12,249.27,246.71,140.64,242.29,260.24,207.58,174.7,154.33,173.5,396.33,631.2,364.52,277.74,149.25,494.17,200.78,255.63,595.56,409.87,269.46,232.98,525.36,245.08,227.9,178.28,430.68,238.13,249.58,234.91,173.88,559.84,152.8,658.75,489.56,256.19,225.62,152.72,209.82,199.29,267.13,259.17,396.36,248.33,229.67,291.77,309.5,319.46,204.32,473.73,243.89,292.41,236.58,188.44,515.99,192.4,273.55,214.99,212.29,481.18,401.08,175.29,253.14,260.55,189.95,265.1,398.76,540.42,231.71,214.5,606.71,649.97,153.95,164.34,248.08,395.38,457.54,263.28,403.25,227.18,241.41,200.23,164.51,270.18,155.08,249.1,285.74,155.65,228.96,251.2,389.98,304.37,243.25,341.03,459.59,658.57,258.33,156.87,164.21,473.61,157.41,252.42,510.74,227.22,206.92,228.36,246.2,156.75,146.45,542.27,202.27,247.44,516.92,245.47,509.4,240.4,181.13,500.42,375.11,332.34,143.49,351.89,156.49,395.43,367.18,636.79,395.87,347.93,215.59,187.81,181.69,183.38,438.59,401.53,186.15,262.81,299.83,226.59,276.55,238.7,270.62,437.21,251.38,251.79,268.29,147.06,385.14,279.89,263.33,436.81,184.83,254.69,281.74,142.84,277.81,149.55,189.46,251.32,246.41,330.12,246.43,132.19,322.82,241.99,459.56,138.99,255.4,412.57,225.68,141.59,347.76,169.88,253.01,226.55,246.46,149.0,241.5,156.82,608.07,225.11,252.82,311.08,188.01,155.1,398.02,259.37,183.96,307.16,252.39,433.31,183.15,195.04,157.25,409.04,277.97,325.91,145.91,525.93,596.25,196.39,297.15,287.8,161.0,216.08,241.41,179.87,143.65,215.4,216.5,501.27,515.52,154.91,492.78,160.17,154.05,491.39,272.98,236.02,278.83,564.91,297.33,398.65,231.97,177.95,547.37,262.41,252.58,521.83,323.33,634.78,370.89,261.91,177.18,482.52,165.06,520.22,492.23,424.64,637.75,446.74,283.75,208.18,154.77,354.11,349.7,228.05,261.66,172.19,143.12,142.28,244.92,279.04,428.03,166.21,335.25,388.2,638.43,146.41,640.54,396.37,296.98,239.19,139.58,253.6,474.69,453.69,173.18,269.04,209.56,140.9,310.86,608.07,211.85,493.55,315.58,260.19,183.92,252.07,428.99,261.08,522.16,216.71,188.59,162.25,325.24,277.28,256.98,422.57,399.18,262.29,163.08,489.75,158.75,187.11,152.66,116.06,119.65,119.22,118.34,116.01,115.69,116.23,116.38,123.28,127.36,114.32,118.26,114.97,126.75,133.41,132.75,139.37,149.7,127.61,137.54,127.03,127.49,144.07,176.7,118.58,114.84,119.23,115.66,118.32,115.65,115.84,113.59,125.9,117.98,115.64,112.87,118.2,131.95,131.64,116.1,119.75,116.71,166.8,133.01,155.04,118.02,149.69,119.71,129.74,120.27,123.25,135.87,134.02,134.45,125.19,126.85,115.89,115.82,274.25,225.18,219.18,218.2,216.32,212.92,212.2,201.85,221.44,227.59,401.35,386.33,402.26,329.41,112.67,113.25,112.5,114.51,115.38,202.06,236.03,255.98,254.39,198.9,199.36,118.88,119.38,132.44,124.95,227.01,215.08,131.36,128.32,235.97,124.57,121.19,132.22,132.27,132.49,116.36,227.92,211.73,184.47,167.29,259.57,243.08,216.52,251.73,231.43,298.68,291.97,284.65,197.33,138.54,340.94,159.23,145.82,135.25,222.34,221.96,202.72,224.59,218.77,136.31,250.72,235.81,233.24,230.9,223.08,217.94,216.99,212.96,247.67,236.37,232.59,229.35,224.78,225.05,223.4,137.52,149.1,133.55,130.32,129.25,117.65,115.48,131.84,115.58,140.3,132.3,119.65,121.05,116.46,210.18,174.86,191.9,114.17,118.19,113.71,138.79,159.37,158.99,331.59,284.12,251.86,223.68,231.44,267.22,230.58,133.7,130.88,134.82,135.2,125.66,350.16,302.51,274.1,324.17,302.75,282.07,276.08,127.99,193.5,113.63,117.09,400.09,116.19,114.67,148.41,232.12,197.2,250.55,115.09,114.41
13,2023-02-01,249.2,249.42,246.7,140.47,242.28,260.28,207.6,174.67,154.3,173.48,396.3,631.19,364.54,277.59,149.36,494.42,200.84,256.29,595.59,409.9,269.33,233.16,525.66,245.11,227.93,178.33,430.81,237.97,249.65,234.92,173.79,559.81,152.84,658.67,489.65,256.06,225.72,152.69,209.82,199.46,267.24,259.25,396.46,248.4,229.79,292.24,309.49,320.73,204.32,473.76,243.9,292.46,236.53,188.53,516.27,192.43,273.57,215.34,212.28,481.33,401.23,175.3,253.3,260.74,189.99,265.09,398.75,540.43,231.79,214.73,607.35,650.0,153.99,164.24,248.11,395.46,457.87,263.17,403.43,227.57,241.75,200.29,164.37,270.21,155.03,249.28,285.82,155.64,228.81,251.33,389.94,304.33,243.33,341.0,459.69,658.54,258.45,156.82,164.14,473.65,157.31,252.3,510.97,227.33,206.93,228.41,246.22,156.69,146.45,542.27,202.3,247.47,517.03,245.51,509.47,240.58,181.15,500.48,375.11,332.22,143.51,351.96,156.58,395.49,367.22,636.74,395.9,347.87,215.8,187.85,181.6,183.43,438.72,401.54,186.19,262.6,299.57,226.79,277.47,238.83,270.5,437.77,251.52,251.63,268.63,147.52,385.18,280.68,263.44,437.27,184.84,254.86,281.7,143.1,277.9,149.71,189.32,251.4,246.53,330.38,246.48,132.22,322.89,242.04,459.68,138.79,255.34,412.6,225.61,142.09,347.71,169.85,253.16,226.63,246.45,149.0,241.32,156.78,608.04,224.85,252.89,311.1,188.05,155.14,398.03,259.49,184.0,307.15,252.39,433.6,183.08,195.08,157.22,409.02,277.85,325.79,145.98,525.97,596.3,196.46,297.25,287.41,161.07,216.08,241.13,179.89,143.65,215.3,216.41,501.32,515.89,154.89,492.91,160.15,153.76,491.44,272.95,236.01,278.87,564.87,297.1,398.69,232.03,177.97,547.37,262.68,253.11,522.16,323.5,634.78,370.79,261.86,177.21,483.27,165.09,520.56,492.48,424.7,637.74,446.89,283.92,208.26,154.74,354.2,349.76,228.03,261.93,172.04,143.08,142.28,244.77,278.99,428.17,166.23,334.98,388.2,638.37,146.53,640.6,396.36,297.13,239.27,140.37,253.7,474.97,454.64,173.06,268.84,209.54,140.84,310.79,608.02,211.87,493.81,315.74,260.25,183.81,252.26,429.25,261.05,522.58,216.71,188.63,162.61,325.13,277.34,257.19,422.61,399.27,262.45,163.4,489.91,158.76,187.15,152.58,116.05,119.7,119.31,118.38,115.98,115.65,116.21,116.36,123.29,127.3,114.33,118.29,114.97,126.68,133.35,132.69,139.44,149.82,127.52,137.55,127.14,127.58,143.88,176.72,118.61,114.77,119.23,115.64,118.35,115.64,115.82,113.54,125.82,117.97,115.64,112.78,118.24,131.88,131.56,116.1,119.77,116.73,166.86,133.02,155.15,118.0,149.69,119.77,129.83,120.26,123.31,135.89,134.12,134.54,125.2,126.87,115.94,115.83,273.98,224.61,219.18,217.95,216.09,212.71,212.04,201.48,221.3,227.49,401.35,386.29,402.2,329.23,112.63,113.18,112.45,114.48,115.34,202.03,235.83,255.52,254.19,198.17,199.11,118.89,119.45,132.39,125.0,226.37,214.94,131.35,128.36,235.83,124.59,121.24,132.18,132.24,132.44,116.35,227.89,211.87,184.54,167.22,259.58,243.04,216.52,251.71,231.21,298.62,291.79,284.61,197.38,138.49,340.93,159.68,145.84,135.31,222.11,221.94,202.72,224.6,218.71,136.33,250.64,235.78,233.17,230.57,223.08,217.78,216.87,212.91,247.29,236.14,232.43,229.08,224.58,224.81,223.32,137.61,149.23,133.58,130.4,129.31,117.65,115.48,131.93,115.54,140.36,132.33,119.71,121.09,116.48,209.84,174.93,191.91,114.22,118.26,113.69,138.79,159.54,159.17,331.52,284.11,251.84,223.6,231.09,267.14,230.51,133.7,130.86,134.8,135.21,125.53,349.78,302.16,273.7,323.93,302.42,281.73,275.86,128.09,193.52,113.62,117.2,400.02,116.18,114.82,148.43,231.98,197.17,250.58,115.16,114.46
14,2023-03-01,249.18,249.42,246.71,140.55,242.25,260.3,207.65,174.72,154.3,173.5,396.29,631.24,364.59,277.59,149.32,494.58,200.83,256.31,595.59,409.94,269.32,233.26,525.65,245.12,227.93,178.37,430.71,238.06,249.64,234.99,173.82,559.8,152.83,658.68,489.76,256.1,225.84,152.7,209.82,199.46,267.28,259.25,396.46,248.37,229.79,292.28,309.44,320.81,204.32,473.72,243.9,292.45,236.52,188.58,516.28,192.42,273.56,215.29,212.34,481.32,401.21,175.33,253.3,260.52,189.96,264.94,398.76,540.44,231.82,214.77,607.33,650.13,154.01,164.26,248.09,395.41,457.91,263.17,403.46,227.73,241.7,200.28,164.41,270.28,155.03,249.28,285.8,155.63,228.89,251.26,390.01,304.32,243.33,340.99,459.86,658.49,258.48,156.82,164.15,473.65,157.29,252.34,511.02,227.32,206.93,228.4,246.22,156.69,146.45,542.28,202.31,247.47,517.04,245.53,509.47,240.62,181.13,500.55,375.13,332.22,143.54,351.91,156.6,395.42,367.26,636.81,395.92,347.88,215.85,187.83,181.62,183.45,438.7,401.5,186.14,262.59,299.58,226.8,277.6,238.89,270.54,437.8,251.53,251.65,268.61,147.53,385.28,280.96,263.44,437.32,184.86,254.93,281.73,143.15,277.93,149.74,189.35,251.39,246.52,330.45,246.47,132.22,322.9,242.04,459.79,138.82,255.36,412.6,225.65,142.04,347.71,169.86,253.06,226.62,246.44,149.02,241.38,156.78,608.04,224.92,252.89,311.1,188.04,155.13,397.95,259.49,183.97,307.15,252.39,433.47,183.11,195.06,157.23,408.82,277.92,325.81,146.0,525.97,596.31,196.45,297.25,287.48,161.07,216.08,241.29,179.92,143.66,215.31,216.41,501.35,515.89,154.89,493.15,160.14,153.77,491.53,272.77,236.06,278.87,564.9,297.12,398.65,232.01,177.97,547.37,262.67,253.11,522.15,323.49,634.84,370.79,261.86,177.19,483.23,165.18,520.57,492.5,424.65,637.81,446.69,283.92,208.26,154.74,354.23,349.76,228.03,262.04,172.12,143.11,142.33,244.83,278.99,428.17,166.25,334.98,388.28,638.41,146.53,640.58,396.32,297.15,239.28,140.43,253.73,475.07,455.06,173.11,268.84,209.54,140.93,310.8,608.03,211.89,493.95,315.69,260.24,183.84,252.31,429.22,261.06,522.56,216.73,188.6,162.63,325.16,277.31,256.95,422.58,399.24,262.52,163.47,490.04,158.75,187.12,152.57,116.1,119.69,119.35,118.39,116.0,115.68,116.28,116.39,123.31,127.37,114.38,118.34,114.97,126.7,133.38,132.7,139.6,149.84,127.52,137.56,127.17,127.64,143.83,176.74,118.65,114.87,119.31,115.66,118.37,115.65,115.8,113.58,125.85,118.09,115.66,112.77,118.26,131.89,131.59,116.15,119.79,116.81,166.83,133.05,155.21,118.02,149.69,119.77,129.85,120.27,123.33,135.89,134.17,134.54,125.2,126.87,115.96,115.83,273.99,224.8,219.13,217.98,216.09,212.73,212.05,201.51,221.34,227.84,401.35,386.29,402.2,329.27,112.63,113.18,112.45,114.46,115.35,202.03,235.83,255.54,254.22,198.27,199.11,118.89,119.48,132.46,124.99,226.54,214.95,131.43,128.42,235.85,124.61,121.25,132.22,132.25,132.46,116.35,227.89,211.79,184.55,167.21,259.64,243.06,216.53,251.75,231.29,298.63,291.76,284.64,197.4,138.6,340.93,160.09,145.83,135.3,222.29,221.95,202.79,224.65,218.7,136.37,250.65,235.84,233.17,230.57,223.03,217.82,216.89,212.93,247.41,236.19,232.49,229.09,224.58,224.83,223.32,137.7,149.33,133.58,130.44,129.31,117.75,115.53,131.97,115.55,140.36,132.41,119.75,121.15,116.55,209.87,175.05,191.91,114.22,118.32,113.69,138.79,159.61,159.25,331.52,284.1,251.84,223.59,231.17,267.15,230.51,133.76,130.9,134.83,135.24,125.53,349.82,302.2,273.76,323.93,302.41,281.79,275.93,128.22,193.51,113.69,117.28,400.03,116.24,114.89,148.49,232.0,197.18,250.58,115.21,114.53
15,2023-04-01,249.2,249.42,246.74,140.61,242.42,260.37,207.64,174.72,154.3,173.51,396.21,631.56,364.82,277.61,149.33,494.6,200.79,256.37,595.66,410.11,269.33,233.32,525.61,245.16,227.96,178.44,430.65,238.14,249.64,235.04,173.81,559.87,152.82,658.74,490.01,256.15,225.85,152.7,209.8,199.43,267.28,259.28,396.46,248.37,229.9,292.19,309.46,321.27,204.37,473.72,243.98,292.55,236.53,188.48,516.3,192.42,273.55,215.34,212.32,481.4,401.16,175.34,253.35,260.48,189.93,265.05,398.73,540.61,231.81,214.89,607.2,650.54,154.16,164.31,248.09,395.43,458.04,263.19,403.42,227.91,241.88,200.25,164.5,270.34,155.03,249.33,285.77,155.63,229.02,251.27,390.1,304.31,243.4,340.99,460.09,658.49,258.49,156.81,164.17,473.67,157.27,252.38,511.05,227.32,206.91,228.41,246.26,156.67,146.48,542.45,202.29,247.47,517.14,245.5,509.61,240.68,181.12,500.68,375.25,332.25,143.54,351.85,156.68,395.43,367.54,636.98,395.99,347.87,215.86,187.77,181.66,183.47,438.59,401.46,186.1,262.81,299.64,226.84,277.93,238.9,270.57,437.85,251.59,251.69,268.53,147.8,385.59,281.08,263.48,437.35,184.86,255.0,281.74,143.33,277.93,149.89,189.35,251.37,246.55,330.66,246.48,132.32,322.88,242.08,459.95,138.96,255.4,412.59,225.68,142.17,347.72,169.88,253.04,226.59,246.42,149.02,241.42,156.82,608.17,224.91,252.89,311.09,187.98,155.12,397.9,259.45,183.92,307.16,252.36,433.26,183.1,195.03,157.32,408.65,277.92,325.82,145.98,526.13,596.37,196.47,297.28,287.53,161.09,216.08,241.38,179.93,143.68,215.36,216.4,501.5,515.91,154.87,493.24,160.14,153.75,491.75,272.56,236.16,278.84,565.18,297.17,398.74,231.99,177.92,547.44,262.72,253.13,522.18,323.65,634.89,370.89,261.9,177.17,483.38,165.28,520.6,492.48,424.64,638.28,446.65,283.91,208.27,154.73,354.51,349.74,228.09,262.06,172.21,143.11,142.35,244.85,279.02,428.19,166.24,335.0,388.4,638.63,146.47,640.71,396.31,297.2,239.24,140.5,253.75,475.27,455.42,173.17,268.86,209.54,140.95,310.88,608.16,211.91,494.09,315.78,260.27,183.86,252.39,429.28,261.15,522.57,216.85,188.56,162.81,325.23,277.3,256.98,422.54,399.29,262.7,163.57,490.2,158.74,187.05,152.45,116.14,119.71,119.37,118.41,115.98,115.71,116.31,116.41,123.32,127.39,114.39,118.35,114.99,126.68,133.34,132.71,139.62,149.86,127.49,137.48,127.17,127.66,143.94,176.74,118.69,114.92,119.33,115.68,118.36,115.66,115.81,113.6,125.91,118.15,115.7,112.88,118.26,131.91,131.61,116.23,119.8,116.8,166.69,133.03,155.21,118.02,149.68,119.81,129.8,120.26,123.34,135.89,134.16,134.5,125.19,126.86,115.93,115.84,273.97,224.75,219.1,217.96,216.12,212.7,211.98,201.42,221.32,228.0,401.3,386.29,402.18,329.38,112.61,113.12,112.55,114.48,115.39,202.02,235.85,255.59,254.27,198.23,199.17,118.87,119.52,132.48,124.99,226.5,214.96,131.41,128.49,235.88,124.63,121.26,132.24,132.26,132.49,116.39,227.85,211.58,184.67,167.19,259.68,243.01,216.52,251.72,231.31,298.62,291.78,284.65,197.41,138.56,340.91,160.16,145.81,135.29,222.26,221.94,202.76,224.68,218.7,136.35,250.65,235.88,233.18,230.42,223.02,217.82,216.92,212.96,247.41,236.26,232.51,229.17,224.63,224.84,223.33,137.79,149.36,133.48,130.42,129.31,117.79,115.44,132.02,115.54,140.38,132.48,119.78,121.19,116.63,209.95,175.06,191.86,114.28,118.33,113.68,138.8,159.64,159.26,331.5,284.08,251.83,223.62,231.24,267.17,230.53,133.75,130.94,134.79,135.2,125.53,349.75,302.22,273.76,323.92,302.41,281.73,275.93,128.23,193.51,113.72,117.33,400.02,116.28,114.95,148.53,232.02,197.17,250.61,115.22,114.53
16,2023-05-01,249.22,249.41,246.72,140.6,243.01,260.36,207.56,174.66,154.28,173.49,396.2,631.9,365.03,277.59,149.54,494.77,200.8,256.3,596.14,410.19,269.32,233.33,525.86,245.17,227.91,178.43,430.57,238.04,249.64,235.06,173.76,560.47,152.81,658.72,490.09,256.08,225.78,152.67,209.79,199.38,267.3,259.22,396.68,248.39,229.86,292.34,309.54,320.99,204.37,473.83,243.9,292.53,236.46,188.3,516.49,192.43,273.59,215.39,212.32,481.67,401.24,175.28,253.33,260.36,189.94,265.02,398.77,541.13,231.78,215.04,607.07,650.74,154.34,164.27,248.08,395.58,458.16,263.17,403.56,228.05,242.05,200.25,164.39,270.26,154.98,249.26,285.75,155.58,228.94,251.24,390.21,304.31,243.34,341.04,460.39,658.52,258.49,156.81,164.19,473.81,157.26,252.32,511.27,227.32,206.92,228.42,246.3,156.66,146.48,543.18,202.24,247.46,517.59,245.44,510.21,240.66,181.13,500.67,375.39,332.22,143.49,351.85,156.89,395.72,367.64,637.13,396.17,347.9,215.97,187.74,181.61,183.36,438.57,401.49,186.06,262.7,299.57,226.89,278.46,238.75,270.54,437.98,251.62,251.64,268.38,147.89,385.75,281.32,263.62,437.6,184.81,254.97,281.74,143.44,277.86,149.82,189.34,251.39,246.52,330.73,246.48,132.25,322.86,242.09,460.19,138.64,255.39,412.6,225.65,142.37,347.72,169.84,253.01,226.66,246.46,149.03,241.37,156.9,608.35,224.81,252.9,311.09,187.94,155.1,397.88,259.39,183.89,307.16,252.36,433.21,183.1,195.05,157.43,408.7,277.95,325.84,145.92,526.77,596.91,196.33,297.28,287.44,161.15,216.08,241.23,179.86,143.62,215.42,216.37,501.63,516.1,154.84,493.47,160.13,153.81,491.82,272.16,236.23,278.79,565.44,297.1,399.0,232.0,177.9,548.05,262.7,253.4,522.39,323.7,634.91,371.05,261.98,177.15,483.29,165.22,520.72,492.65,424.74,638.48,446.8,283.81,208.23,154.7,354.6,349.74,228.06,262.13,172.13,143.03,142.35,244.8,278.92,428.32,166.24,335.01,388.64,638.83,146.43,641.38,396.4,297.21,239.23,140.82,253.73,475.26,455.11,173.08,268.83,209.56,140.75,310.82,608.35,211.91,494.16,315.81,260.28,183.86,252.46,429.35,261.17,522.71,216.94,188.52,162.95,325.21,277.28,256.73,422.57,399.48,262.69,163.6,490.38,158.71,187.02,152.52,116.05,119.68,119.31,118.4,115.94,115.62,116.29,116.27,123.34,127.42,114.38,118.32,114.94,126.66,133.32,132.66,139.63,149.75,127.44,137.51,127.15,127.64,143.92,176.69,118.67,114.79,119.31,115.64,118.37,115.62,115.73,113.53,125.84,118.15,115.71,112.9,118.28,131.91,131.6,116.03,119.83,116.75,166.77,132.99,155.16,117.98,149.66,119.75,129.82,120.26,123.31,135.88,134.11,134.35,125.19,126.86,115.82,115.75,274.0,224.77,219.0,217.86,216.02,212.65,211.97,201.36,221.2,227.75,401.3,386.27,402.17,329.18,112.49,113.09,112.63,114.34,115.29,202.03,235.81,255.54,254.2,198.41,199.11,118.8,119.48,132.45,124.98,226.41,214.93,131.38,128.39,235.84,124.64,121.24,132.22,132.26,132.47,116.35,227.77,211.17,184.58,167.14,259.69,243.0,216.51,251.74,231.27,298.61,291.78,284.6,197.38,138.42,340.92,159.83,145.8,135.29,222.14,221.9,202.74,224.55,218.56,136.33,250.63,235.88,233.18,230.37,223.01,217.79,216.84,212.92,247.4,236.17,232.51,228.97,224.55,224.79,223.3,137.73,149.32,133.23,130.2,129.18,117.74,115.33,131.77,115.54,140.35,132.49,119.69,121.15,116.59,209.79,175.1,191.78,114.24,118.26,113.54,138.81,159.48,159.12,331.27,283.93,251.81,223.49,231.19,267.19,230.42,133.7,130.93,134.69,135.07,125.54,349.7,302.27,273.56,323.93,302.45,281.7,275.88,128.17,193.52,113.63,117.28,400.04,116.23,114.76,148.43,231.89,197.13,250.56,115.15,114.41
17,2023-06-01,249.25,249.41,246.82,140.57,243.41,260.39,207.54,174.6,154.29,173.52,396.2,631.78,364.92,277.6,149.6,494.42,200.7,256.35,596.45,410.13,269.34,233.38,526.09,245.22,227.96,178.49,430.66,238.07,249.71,235.02,173.74,560.97,152.8,658.72,489.95,256.04,225.76,152.64,209.71,199.12,267.3,259.22,396.84,248.39,229.87,292.27,309.57,320.75,204.34,473.89,243.96,292.56,236.44,188.18,516.63,192.45,273.57,215.58,212.32,481.82,401.24,175.23,253.29,260.46,189.91,264.83,398.77,541.71,231.78,215.13,606.99,650.64,154.36,164.36,248.14,395.89,458.26,263.17,403.52,228.21,242.17,200.15,164.32,270.33,154.99,249.24,285.75,155.59,229.02,251.3,390.2,304.33,243.39,341.04,460.59,658.55,258.61,156.83,164.26,473.9,157.27,252.34,511.32,227.35,206.86,228.38,246.2,156.66,146.48,543.75,202.22,247.47,518.04,245.49,510.66,240.58,181.13,500.55,375.37,332.29,143.4,351.82,157.04,396.17,367.5,637.14,396.18,347.86,216.09,187.62,181.62,183.12,438.58,401.59,185.93,262.65,299.62,227.05,278.2,238.73,270.55,438.18,251.6,251.65,268.29,148.14,385.7,281.11,263.66,437.81,184.78,254.96,281.72,143.57,277.92,149.97,189.35,251.38,246.59,330.66,246.57,132.39,322.87,242.05,460.41,138.61,255.4,412.62,225.69,142.61,347.74,169.83,253.04,226.77,246.47,149.01,241.39,156.93,608.41,224.79,252.99,311.06,187.83,155.1,397.94,259.41,183.81,307.13,252.26,433.28,183.09,195.12,157.58,408.74,278.0,325.85,145.84,527.3,597.43,196.11,297.3,287.47,161.19,216.04,241.27,179.78,143.56,215.42,216.4,501.55,516.1,154.78,493.02,160.13,153.86,491.78,272.11,236.29,278.79,565.36,297.14,399.16,231.95,177.85,548.68,262.72,253.72,522.61,323.68,634.87,371.11,262.01,177.1,483.57,165.34,521.02,492.73,424.71,638.52,446.75,283.92,208.15,154.68,354.55,349.75,228.21,262.03,172.19,142.95,142.31,244.84,278.93,428.42,166.12,335.03,388.63,638.8,146.39,641.91,396.53,297.19,239.06,141.0,253.68,475.39,455.1,173.06,268.85,209.56,140.55,310.8,608.37,211.94,493.78,315.83,260.33,183.88,252.87,429.47,261.33,522.93,216.83,188.39,163.2,325.19,277.28,256.87,422.54,399.53,262.7,164.09,490.2,158.67,186.91,152.5,115.98,119.62,119.11,118.38,115.64,115.43,116.16,116.09,123.26,127.33,114.31,118.23,114.91,126.57,133.26,132.57,139.61,149.67,127.36,137.47,127.12,127.48,143.96,176.72,118.56,114.64,119.16,115.51,118.22,115.49,115.63,113.45,125.81,118.04,115.62,112.82,118.26,131.92,131.62,115.78,119.83,116.54,166.69,132.94,155.1,118.02,149.7,119.69,129.72,120.25,123.27,135.88,133.8,134.24,125.2,126.79,115.51,115.63,274.03,224.67,219.02,217.8,215.94,212.61,211.92,201.35,221.22,227.8,401.34,386.27,402.22,329.0,112.31,112.93,112.65,114.12,115.1,202.01,235.81,255.57,254.24,198.25,199.1,118.65,119.41,132.47,124.96,226.32,214.93,131.31,128.2,235.86,124.6,121.23,132.26,132.28,132.5,116.34,227.74,210.5,184.55,167.09,259.74,242.99,216.46,251.76,230.98,298.61,291.73,284.6,197.29,138.2,340.92,159.9,145.78,135.28,222.19,221.9,202.7,224.39,218.42,136.12,250.62,235.85,233.15,230.38,222.98,217.75,216.8,212.94,247.48,236.19,232.53,228.93,224.63,224.84,223.33,137.66,149.22,132.96,129.88,128.88,117.59,115.06,131.44,115.56,140.41,132.37,119.61,120.97,116.4,209.77,175.05,191.57,114.12,118.1,113.32,138.82,159.39,158.94,331.29,283.94,251.8,223.23,231.26,267.18,230.43,133.69,130.93,134.58,134.85,125.53,349.66,302.24,273.6,323.93,302.47,281.63,275.88,128.0,193.5,113.46,117.24,400.08,116.0,114.52,148.21,231.92,197.11,250.55,115.03,114.35
18,2023-07-01,249.26,249.39,246.89,140.44,243.48,260.32,207.38,174.59,154.29,173.53,396.15,631.69,364.9,277.64,149.55,494.08,200.64,256.32,596.37,410.16,269.3,233.41,525.81,245.21,228.07,178.5,430.63,237.97,249.71,234.98,173.73,560.96,152.77,658.8,489.78,256.07,225.72,152.58,209.58,198.95,267.18,259.2,396.84,248.43,229.94,292.34,309.59,320.48,204.3,473.88,243.91,292.52,236.48,187.96,516.42,192.46,273.57,215.68,212.26,481.67,401.23,175.2,253.28,260.3,189.91,264.66,398.78,541.56,231.85,215.11,606.9,650.55,154.36,164.34,248.14,395.9,458.29,263.16,403.47,228.05,242.18,200.09,164.21,270.4,154.99,249.26,285.81,155.61,229.1,251.34,390.24,304.34,243.37,341.11,460.49,658.62,258.6,156.84,164.26,473.88,157.27,252.27,511.1,227.41,206.82,228.36,246.04,156.66,146.39,543.5,202.09,247.54,517.97,245.53,510.47,240.56,181.16,500.62,375.37,332.37,143.26,351.78,157.08,396.16,367.49,637.1,396.17,347.97,216.07,187.6,181.58,182.96,438.61,401.61,185.93,262.81,299.62,227.06,278.03,238.82,270.56,438.2,251.62,251.59,268.12,148.24,385.58,281.29,263.65,437.77,184.78,254.9,281.72,143.55,277.94,149.81,189.34,251.35,246.62,330.64,246.62,132.33,322.88,242.03,460.48,138.43,255.4,412.61,225.65,142.54,347.81,169.86,253.08,226.64,246.53,148.95,241.36,156.94,608.4,224.76,252.94,311.05,187.8,155.1,397.89,259.41,183.76,307.14,252.2,433.33,183.05,195.14,157.68,408.72,278.05,325.86,145.65,527.09,597.24,195.91,297.28,287.48,161.17,216.01,241.28,179.66,143.36,215.36,216.39,501.3,515.82,154.68,492.57,160.14,154.04,491.6,272.21,236.31,278.77,565.27,297.19,399.05,231.93,177.82,548.56,262.6,253.58,522.35,323.68,634.88,371.18,262.02,177.08,483.3,165.22,520.77,492.61,424.71,638.44,446.75,283.98,208.12,154.59,354.65,349.75,228.32,261.89,172.21,142.78,142.16,244.75,278.9,428.4,165.87,335.26,388.63,638.79,146.15,641.66,396.49,297.14,239.07,140.9,253.78,475.39,454.85,173.1,268.85,209.61,140.34,310.84,608.4,211.95,493.58,315.97,260.32,183.82,252.77,429.47,261.31,522.71,216.94,188.32,163.19,325.25,277.33,256.7,422.53,399.45,262.53,164.13,489.96,158.66,186.9,152.42,115.7,119.47,118.88,118.32,115.52,115.25,115.92,115.75,123.17,127.23,114.22,118.08,114.83,126.52,133.18,132.51,139.53,149.62,127.42,137.46,127.03,127.35,144.06,176.65,118.39,114.32,118.96,115.41,118.13,115.36,115.58,113.43,125.79,117.87,115.47,112.82,118.21,131.88,131.6,115.29,119.77,116.3,166.57,132.87,154.95,117.85,149.7,119.55,129.28,120.15,123.23,135.88,133.64,134.14,125.2,126.75,115.37,115.51,274.02,224.63,218.95,217.79,215.71,212.39,211.88,201.25,221.17,227.28,401.3,386.28,402.2,328.69,112.2,112.62,112.44,113.97,114.96,202.03,235.69,255.48,254.2,198.24,199.1,118.62,119.32,132.44,124.94,226.26,214.9,131.24,128.08,235.84,124.58,121.21,132.24,132.27,132.46,116.27,227.77,210.63,184.63,167.05,259.76,242.94,216.39,251.77,230.74,298.52,291.84,284.51,197.19,138.14,340.91,159.55,145.78,135.27,222.13,221.89,202.69,224.26,218.33,136.04,250.6,235.78,233.05,230.27,222.93,217.66,216.61,212.92,247.52,236.18,232.51,228.81,224.56,224.79,223.31,137.41,149.07,132.6,129.74,128.79,117.37,114.79,131.07,115.58,140.39,132.32,119.45,120.82,116.25,209.54,174.97,191.51,114.04,117.92,112.97,138.81,159.36,158.88,331.26,283.84,251.77,223.1,231.1,267.13,230.32,133.62,130.93,134.47,134.59,125.52,349.64,302.19,273.44,323.88,302.44,281.51,275.86,127.86,193.49,113.2,117.13,400.08,115.75,114.19,148.08,231.76,197.09,250.53,114.87,114.19
19,2023-08-01,249.23,249.37,246.86,140.27,243.5,260.27,207.3,174.52,154.26,173.55,396.19,631.59,364.84,277.64,149.53,494.03,200.61,256.18,596.26,410.1,269.26,233.35,525.54,245.21,228.0,178.35,430.82,237.84,249.68,234.97,173.84,560.8,152.75,658.79,489.69,255.95,225.89,152.57,209.54,198.84,267.19,259.22,396.66,248.49,229.75,292.09,309.55,320.02,204.28,473.87,243.95,292.51,236.44,187.92,516.22,192.49,273.57,215.26,212.22,481.55,401.21,175.17,253.22,260.08,189.87,264.54,398.79,541.38,231.78,214.85,606.87,650.33,154.23,164.36,248.14,395.8,458.22,263.16,403.48,227.57,241.78,200.05,164.1,270.46,154.99,249.23,285.74,155.61,229.15,251.34,390.19,304.34,243.42,341.11,460.27,658.73,258.53,156.9,164.32,473.85,157.32,252.17,510.93,227.36,206.81,228.31,246.02,156.68,146.3,543.3,202.01,247.52,517.83,245.46,510.36,240.52,181.13,500.5,375.23,332.36,143.14,351.82,157.0,395.94,367.23,637.02,396.05,348.0,215.85,187.58,181.6,182.87,438.56,401.69,185.9,262.31,299.53,226.83,277.5,238.7,270.45,438.07,251.49,251.47,267.99,147.78,385.48,280.25,263.57,437.69,184.73,255.09,281.67,143.11,277.84,149.62,189.42,251.35,246.53,330.22,246.52,132.22,322.73,241.99,460.3,138.44,255.43,412.64,225.57,142.24,347.81,169.87,253.1,226.59,246.6,148.92,241.16,156.9,608.28,224.7,252.86,311.06,187.77,155.1,398.04,259.3,183.76,307.14,252.17,433.34,183.11,195.11,157.6,409.07,278.04,325.78,145.58,526.97,597.03,195.88,297.29,287.41,161.14,216.0,241.16,179.6,143.27,215.23,216.44,501.21,515.75,154.67,492.62,160.14,154.05,491.3,272.28,236.28,278.75,565.22,297.16,398.99,231.81,177.81,548.33,262.47,253.32,522.12,323.57,634.85,371.04,261.93,177.07,483.24,165.05,520.56,492.47,424.75,638.31,446.88,284.02,208.08,154.56,354.44,349.74,228.25,261.77,172.13,142.68,142.08,244.6,278.86,428.41,165.69,335.34,388.46,638.65,146.08,641.48,396.53,297.18,239.03,140.42,253.63,475.09,454.39,173.05,268.79,209.57,140.28,310.74,608.29,211.91,493.48,315.75,260.37,183.86,252.5,429.37,261.28,522.5,216.73,188.32,162.7,325.27,277.3,256.56,422.54,399.45,262.46,163.79,489.93,158.63,186.86,152.33,115.58,119.37,118.77,118.22,115.42,115.13,115.81,115.53,123.06,127.08,114.1,117.97,114.71,126.5,133.08,132.42,139.29,149.37,127.36,137.4,126.99,127.22,143.9,176.61,118.24,114.09,118.81,115.36,118.02,115.32,115.54,113.31,125.73,117.77,115.3,112.74,118.11,131.83,131.53,115.04,119.67,116.18,166.5,132.8,154.89,117.79,149.68,119.4,129.2,120.18,123.2,135.87,133.54,134.04,125.21,126.73,115.28,115.42,274.05,224.62,218.87,217.77,215.67,212.41,211.86,201.26,221.08,226.84,401.3,386.26,402.21,328.44,112.06,112.44,112.25,113.82,114.87,202.02,235.59,255.27,254.14,198.0,199.04,118.55,119.13,132.36,124.92,226.3,214.87,131.13,127.93,235.82,124.54,121.17,132.18,132.22,132.4,116.28,227.73,210.75,184.55,167.04,259.64,242.92,216.38,251.7,230.58,298.5,291.8,284.5,197.16,138.07,340.94,158.97,145.79,135.26,222.0,221.9,202.6,224.1,218.29,135.96,250.57,235.68,232.97,230.21,222.92,217.62,216.49,212.88,247.45,236.12,232.51,228.62,224.51,224.63,223.25,137.23,148.82,132.46,129.47,128.62,117.18,114.68,130.85,115.58,140.25,132.13,119.3,120.58,116.09,209.33,174.86,191.45,113.91,117.82,112.8,138.82,159.21,158.75,331.23,283.75,251.74,223.0,231.03,267.08,230.25,133.55,130.84,134.38,134.51,125.53,349.62,302.19,273.39,324.02,302.52,281.48,275.82,127.68,193.44,113.08,116.94,400.08,115.56,114.0,147.92,231.65,197.06,250.42,114.75,114.09
20,2023-09-01,249.22,249.34,246.81,140.23,243.42,260.26,207.28,174.49,154.29,173.54,396.27,631.52,364.76,277.64,149.47,494.27,200.67,256.16,596.05,410.06,269.23,233.25,525.52,245.22,227.94,178.37,430.97,237.85,249.7,234.94,173.78,560.53,152.74,658.77,489.82,255.94,225.85,152.61,209.54,198.88,267.14,259.22,396.65,248.46,229.75,292.28,309.5,320.27,204.3,473.86,243.92,292.51,236.47,187.93,516.22,192.48,273.58,215.23,212.16,481.57,401.23,175.14,253.19,259.99,189.86,264.39,398.79,541.14,231.71,214.88,607.02,650.35,154.23,164.33,248.15,395.77,458.21,263.16,403.47,227.62,241.73,200.12,164.1,270.36,155.0,249.17,285.72,155.63,229.08,251.34,390.22,304.35,243.46,341.09,460.18,658.79,258.48,156.9,164.3,473.81,157.37,252.19,510.92,227.34,206.87,228.35,245.99,156.69,146.29,542.95,202.0,247.5,517.68,245.42,510.07,240.49,181.13,500.54,375.25,332.39,143.15,351.85,157.01,395.89,367.39,637.04,396.06,348.01,215.78,187.64,181.61,182.97,438.58,401.69,185.95,262.21,299.58,226.79,276.89,238.64,270.46,437.93,251.48,251.49,267.98,147.76,385.45,280.27,263.46,437.38,184.76,255.01,281.67,143.09,277.81,149.73,189.39,251.36,246.47,330.27,246.47,132.18,322.69,242.01,460.29,138.59,255.49,412.66,225.59,142.15,347.83,169.85,253.09,226.55,246.61,148.92,241.18,156.89,608.25,224.69,252.86,311.08,187.84,155.07,398.09,259.32,183.81,307.13,252.24,433.44,183.07,195.14,157.43,409.12,277.99,325.77,145.61,526.62,596.77,195.91,297.29,287.46,161.15,216.02,241.07,179.63,143.29,215.23,216.45,501.32,515.73,154.66,492.7,160.14,154.03,491.57,272.26,236.24,278.75,565.18,297.18,399.01,231.86,177.86,548.07,262.42,253.23,522.14,323.52,634.89,371.04,261.95,177.12,483.3,165.04,520.55,492.44,424.76,638.35,446.91,284.0,208.14,154.55,354.42,349.74,228.16,261.78,172.11,142.71,142.09,244.62,278.87,428.47,165.77,335.35,388.43,638.61,146.08,641.11,396.5,297.18,238.98,140.44,253.59,475.12,454.8,173.03,268.79,209.57,140.34,310.68,608.22,211.85,493.79,315.69,260.34,183.83,252.37,429.55,261.23,522.49,216.62,188.38,162.72,325.24,277.27,256.52,422.6,399.46,262.44,163.75,490.03,158.66,186.94,152.54,115.6,119.41,118.81,118.21,115.32,115.11,115.73,115.46,123.05,127.08,114.09,117.98,114.73,126.62,133.09,132.44,139.22,149.27,127.33,137.39,127.01,127.23,144.04,176.6,118.24,114.12,118.82,115.35,118.07,115.29,115.56,113.3,125.89,117.74,115.33,112.78,118.08,131.82,131.52,115.13,119.71,116.2,166.5,132.83,154.91,117.83,149.69,119.41,129.33,120.2,123.21,135.85,133.5,134.09,125.19,126.74,115.33,115.43,274.1,224.62,218.93,217.78,215.68,212.39,211.86,201.27,221.13,227.01,401.38,386.29,402.25,328.51,112.14,112.55,112.31,113.92,114.96,202.05,235.62,255.2,254.2,198.05,199.1,118.61,119.17,132.35,124.92,226.27,214.88,131.13,127.92,235.84,124.52,121.18,132.18,132.22,132.39,116.28,227.72,210.98,184.62,166.99,259.65,242.91,216.37,251.74,230.57,298.54,291.79,284.54,197.16,138.15,340.93,159.09,145.74,135.25,222.04,221.89,202.61,224.11,218.39,135.98,250.58,235.62,233.03,230.21,222.95,217.62,216.47,212.89,247.48,236.18,232.55,228.7,224.57,224.7,223.29,137.13,148.83,132.61,129.68,128.73,117.17,114.72,130.88,115.6,140.35,132.26,119.34,120.61,116.1,209.4,174.86,191.47,113.95,117.83,112.89,138.82,159.23,158.77,331.26,283.83,251.78,223.16,231.13,267.13,230.32,133.53,130.83,134.42,134.58,125.63,349.65,302.25,273.43,324.0,302.5,281.53,275.85,127.69,193.45,113.1,116.92,400.09,115.56,113.98,147.96,231.7,197.02,250.38,114.76,114.09
21,2023-10-01,249.18,249.3,246.72,140.24,243.04,260.26,207.34,174.57,154.32,173.55,396.33,631.43,364.65,277.66,149.45,494.21,200.71,255.82,595.83,410.02,269.29,233.18,525.37,245.23,227.93,178.23,430.98,237.92,249.68,234.96,173.83,560.24,152.75,658.86,489.85,256.06,225.85,152.63,209.67,199.04,267.16,259.22,396.53,248.43,229.7,292.36,309.53,320.32,204.32,473.79,243.94,292.46,236.5,188.04,516.2,192.54,273.57,215.02,212.16,481.34,401.12,175.18,253.17,260.07,189.8,264.39,398.76,540.79,231.68,214.65,606.9,650.22,154.11,164.35,248.14,395.62,457.97,263.19,403.35,227.27,241.46,200.13,164.18,270.37,155.02,249.11,285.74,155.67,229.04,251.26,390.18,304.35,243.49,341.12,459.9,658.79,258.5,156.93,164.26,473.7,157.41,252.23,510.86,227.19,206.9,228.38,246.06,156.74,146.37,542.66,202.07,247.49,517.36,245.43,509.8,240.46,181.14,500.5,375.22,332.39,143.22,351.89,156.91,395.63,367.3,636.98,396.02,348.04,215.61,187.66,181.65,183.04,438.6,401.61,186.05,262.0,299.66,226.62,276.81,238.66,270.55,438.0,251.42,251.54,267.99,147.43,385.32,280.34,263.4,437.33,184.78,254.85,281.73,142.9,277.81,149.63,189.41,251.37,246.43,330.21,246.43,132.24,322.76,242.02,459.98,138.77,255.53,412.63,225.61,141.8,347.83,169.9,253.01,226.47,246.61,148.91,241.25,156.88,608.2,224.87,252.87,311.06,187.89,155.07,398.03,259.28,183.88,307.14,252.36,433.36,183.11,195.14,157.22,409.03,277.99,325.78,145.67,526.34,596.54,195.95,297.21,287.46,161.09,216.06,241.17,179.66,143.35,215.28,216.49,501.32,515.55,154.69,492.64,160.14,154.03,491.66,272.68,236.23,278.79,565.13,297.26,398.82,231.91,177.91,547.73,262.4,252.82,521.97,323.44,634.87,370.99,261.94,177.14,483.43,165.02,520.42,492.25,424.76,638.24,446.78,283.92,208.15,154.59,354.34,349.75,228.11,261.73,172.12,142.79,142.12,244.71,278.97,428.32,165.86,335.34,388.36,638.61,146.15,640.79,396.38,297.05,239.01,139.93,253.64,474.84,454.18,173.04,268.85,209.55,140.42,310.7,608.21,211.88,493.63,315.68,260.32,183.84,252.03,429.34,261.15,522.35,216.62,188.42,162.35,325.25,277.28,256.64,422.59,399.3,262.46,163.48,490.01,158.68,186.98,152.56,115.65,119.41,118.84,118.2,115.37,115.2,115.74,115.48,123.04,127.1,114.09,118.0,114.73,126.64,133.11,132.48,139.22,149.2,127.36,137.39,126.98,127.25,144.06,176.58,118.23,114.15,118.87,115.39,118.07,115.34,115.6,113.34,125.92,117.7,115.29,112.78,118.04,131.84,131.55,115.3,119.69,116.23,166.49,132.85,154.91,117.85,149.69,119.42,129.35,120.24,123.2,135.84,133.56,134.21,125.19,126.77,115.44,115.49,274.16,224.74,219.01,217.81,215.71,212.41,211.88,201.36,221.16,227.01,401.32,386.29,402.23,328.56,112.21,112.67,112.35,113.98,114.99,202.06,235.69,255.24,254.21,198.09,199.1,118.7,119.15,132.36,124.91,226.34,214.9,131.14,127.92,235.84,124.49,121.16,132.22,132.25,132.42,116.29,227.73,211.21,184.47,167.04,259.59,242.93,216.38,251.72,230.59,298.56,291.81,284.58,197.2,138.19,340.93,158.84,145.75,135.24,222.04,221.93,202.62,224.06,218.52,136.03,250.58,235.65,233.1,230.29,222.96,217.62,216.56,212.89,247.38,236.21,232.56,228.74,224.56,224.72,223.35,137.16,148.79,132.7,129.69,128.77,117.2,114.8,130.91,115.6,140.3,132.24,119.38,120.57,116.13,209.48,174.83,191.53,113.92,117.84,113.03,138.83,159.18,158.72,331.4,283.87,251.78,223.25,231.13,267.13,230.34,133.53,130.82,134.45,134.71,125.64,349.78,302.43,273.43,324.05,302.47,281.68,275.89,127.63,193.47,113.14,116.9,400.08,115.61,114.09,147.96,231.79,197.04,250.36,114.79,114.11
22,2023-11-01,249.21,249.23,246.7,140.23,242.45,260.23,207.4,174.6,154.29,173.51,396.33,631.37,364.61,277.64,149.35,494.61,200.79,255.67,595.69,409.91,269.4,233.05,525.18,245.14,227.85,178.25,430.76,237.91,249.61,234.88,173.79,559.98,152.74,658.81,489.88,256.08,225.72,152.63,209.83,199.05,267.17,259.21,396.38,248.39,229.63,292.07,309.56,319.85,204.31,473.77,243.89,292.41,236.49,188.27,515.99,192.48,273.53,215.04,212.21,481.2,401.1,175.23,253.13,259.86,189.77,264.3,398.77,540.6,231.66,214.6,606.77,650.12,154.06,164.32,248.11,395.51,457.73,263.21,403.27,227.28,241.44,200.23,164.13,270.3,155.0,249.1,285.69,155.6,228.92,251.25,390.07,304.35,243.37,341.07,459.76,658.72,258.47,156.87,164.24,473.63,157.38,252.26,510.76,227.19,206.94,228.37,246.05,156.71,146.32,542.45,202.18,247.5,517.13,245.44,509.63,240.39,181.14,500.52,375.13,332.36,143.33,351.97,156.7,395.45,367.22,636.98,395.93,347.91,215.57,187.75,181.64,183.17,438.52,401.6,186.08,262.03,299.59,226.59,277.1,238.66,270.56,437.58,251.39,251.61,268.0,147.21,385.3,280.24,263.38,436.97,184.79,254.7,281.73,142.89,277.78,149.65,189.37,251.38,246.45,330.12,246.46,132.15,322.8,241.97,459.68,138.9,255.48,412.59,225.58,141.67,347.8,169.9,253.02,226.51,246.55,148.94,241.28,156.86,608.15,224.9,252.87,311.07,187.97,155.05,397.99,259.29,183.93,307.18,252.42,433.22,183.1,195.11,157.15,408.93,277.98,325.78,145.73,526.13,596.38,196.15,297.14,287.42,161.04,216.06,241.14,179.77,143.46,215.28,216.49,501.5,515.43,154.73,493.16,160.14,154.03,491.87,272.28,236.14,278.83,565.09,297.18,398.65,231.9,177.93,547.54,262.38,252.68,521.78,323.33,634.86,370.87,261.89,177.2,482.73,164.93,520.24,492.2,424.78,638.22,446.74,283.83,208.17,154.6,354.19,349.7,227.98,261.64,172.09,142.91,142.13,244.76,278.97,428.13,165.99,335.28,388.3,638.54,146.23,640.67,396.41,296.99,239.03,139.76,253.61,474.78,453.88,173.12,268.87,209.5,140.63,310.67,608.15,211.86,493.99,315.59,260.26,183.84,251.99,429.09,261.12,522.12,216.53,188.52,162.19,325.22,277.26,256.41,422.54,399.26,262.33,163.36,490.18,158.72,187.05,152.52,115.75,119.44,118.87,118.21,115.44,115.28,115.82,115.61,123.07,127.11,114.13,118.02,114.76,126.68,133.16,132.49,139.22,149.17,127.43,137.42,127.0,127.35,144.0,176.58,118.26,114.31,118.88,115.44,118.11,115.43,115.67,113.37,125.87,117.73,115.31,112.72,118.05,131.8,131.51,115.64,119.67,116.27,166.58,132.89,154.92,117.86,149.65,119.46,129.45,120.22,123.2,135.84,133.64,134.21,125.18,126.81,115.59,115.64,274.13,224.73,219.05,217.84,215.87,212.49,211.97,201.46,221.11,227.01,401.35,386.26,402.25,328.63,112.3,112.95,112.38,114.07,115.13,202.06,235.76,255.24,254.32,198.2,199.04,118.75,119.19,132.31,124.91,226.34,214.91,131.13,128.01,235.82,124.49,121.15,132.15,132.22,132.38,116.28,227.72,211.46,184.44,166.97,259.58,242.87,216.35,251.73,230.71,298.54,291.81,284.55,197.27,138.29,340.91,158.75,145.72,135.24,222.02,221.89,202.63,224.08,218.65,136.14,250.59,235.63,233.19,230.39,223.03,217.62,216.72,212.87,247.43,236.16,232.54,228.89,224.54,224.68,223.32,137.16,148.83,133.06,130.0,128.93,117.22,114.98,131.21,115.61,140.21,132.34,119.43,120.64,116.12,209.53,174.81,191.58,113.98,117.93,113.33,138.84,159.2,158.77,331.37,283.92,251.8,223.41,231.03,267.1,230.36,133.53,130.8,134.52,134.93,125.64,349.75,302.41,273.57,324.01,302.5,281.78,275.87,127.7,193.44,113.27,116.92,400.06,115.74,114.23,148.03,231.76,197.01,250.33,114.86,114.19
23,2023-12-01,249.17,249.23,246.62,140.29,242.35,260.22,207.5,174.58,154.29,173.47,396.35,631.3,364.59,277.65,149.27,494.7,200.82,255.74,595.61,409.92,269.45,233.02,525.21,245.14,227.87,178.3,430.88,238.06,249.58,234.9,173.79,559.91,152.73,658.72,489.85,256.1,225.59,152.63,209.92,199.03,267.11,259.22,396.41,248.35,229.62,292.0,309.65,319.74,204.31,473.77,243.88,292.39,236.5,188.35,515.98,192.43,273.53,214.98,212.21,481.2,401.1,175.22,253.14,259.82,189.76,264.15,398.76,540.56,231.67,214.61,606.85,650.03,153.97,164.31,248.08,395.51,457.58,263.25,403.27,227.27,241.42,200.26,164.16,270.22,155.0,249.07,285.7,155.6,228.88,251.27,390.01,304.4,243.34,341.05,459.65,658.68,258.4,156.83,164.22,473.62,157.35,252.35,510.75,227.16,206.93,228.35,246.12,156.69,146.36,542.37,202.3,247.51,517.04,245.42,509.53,240.43,181.13,500.48,375.15,332.39,143.33,351.99,156.6,395.53,367.2,636.92,395.96,347.88,215.54,187.81,181.62,183.25,438.56,401.6,186.13,261.91,299.64,226.59,277.02,238.65,270.56,437.44,251.38,251.69,268.08,147.15,385.26,279.84,263.39,436.87,184.8,254.65,281.72,142.89,277.78,149.68,189.38,251.37,246.41,330.13,246.4,132.15,322.76,241.98,459.65,138.9,255.48,412.63,225.6,141.65,347.82,169.89,253.01,226.47,246.49,148.91,241.35,156.83,608.16,225.05,252.85,311.08,188.01,155.04,398.07,259.31,183.97,307.17,252.44,433.29,183.07,195.06,157.21,409.04,277.94,325.72,145.72,526.05,596.31,196.25,297.12,287.48,161.05,216.06,241.15,179.8,143.45,215.34,216.46,501.53,515.41,154.7,493.22,160.15,154.01,491.97,272.23,236.08,278.87,565.02,297.2,398.69,231.87,177.97,547.48,262.37,252.74,521.76,323.33,634.88,370.87,261.86,177.23,482.67,165.02,520.24,492.2,424.76,638.24,446.81,283.81,208.16,154.6,354.07,349.71,227.99,261.66,172.09,142.9,142.12,244.84,279.02,428.09,166.09,335.26,388.24,638.54,146.26,640.6,396.43,296.96,239.02,139.82,253.56,474.68,453.88,173.1,268.91,209.53,140.7,310.67,608.15,211.83,494.24,315.46,260.26,183.81,251.97,429.13,261.06,522.09,216.54,188.58,162.23,325.18,277.27,256.3,422.61,399.28,262.32,163.3,490.2,158.73,187.11,152.65,115.78,119.43,118.88,118.21,115.5,115.33,115.95,116.01,123.13,127.22,114.1,118.05,114.76,126.65,133.22,132.6,139.22,149.18,127.42,137.42,126.99,127.35,144.08,176.57,118.29,114.44,118.9,115.53,118.18,115.48,115.69,113.37,125.89,117.75,115.32,112.75,118.05,131.8,131.49,115.93,119.67,116.46,166.56,132.9,154.97,117.83,149.65,119.46,129.48,120.24,123.2,135.85,133.73,134.32,125.17,126.81,115.75,115.71,274.35,224.75,219.14,217.98,216.08,212.65,212.01,201.51,221.22,227.4,401.44,386.32,402.29,329.02,112.39,113.09,112.47,114.31,115.2,202.06,235.94,255.44,254.4,198.23,199.1,118.8,119.18,132.35,124.9,226.33,214.98,131.19,128.15,235.85,124.49,121.15,132.16,132.22,132.38,116.28,227.71,211.85,184.48,167.0,259.58,242.87,216.35,251.68,230.83,298.62,291.97,284.62,197.31,138.29,340.94,158.79,145.74,135.24,222.08,221.87,202.64,224.17,218.7,136.2,250.62,235.72,233.33,230.64,223.11,217.63,216.93,212.92,247.55,236.22,232.58,229.21,224.65,224.77,223.36,137.18,148.83,133.34,130.23,129.15,117.3,115.25,131.56,115.61,140.28,132.26,119.44,120.74,116.18,209.92,174.8,191.67,114.04,117.96,113.52,138.84,159.26,158.83,331.57,284.05,251.82,223.6,231.25,267.15,230.41,133.55,130.8,134.63,135.05,125.62,349.91,302.44,273.85,324.07,302.71,281.92,275.95,127.78,193.46,113.42,116.96,400.07,115.92,114.47,148.16,232.01,196.99,250.31,114.95,114.28
24,2024-01-01,249.21,249.41,246.74,140.39,242.27,260.24,207.58,174.62,154.27,173.47,396.3,631.27,364.55,277.56,149.47,494.8,200.85,256.19,595.58,409.98,269.32,233.06,525.65,245.04,227.87,178.35,430.81,237.98,249.67,234.88,173.75,559.8,152.82,658.76,489.76,256.08,225.54,152.62,209.8,199.49,267.24,259.2,396.44,248.46,229.83,292.19,309.55,320.75,204.36,473.78,243.9,292.44,236.53,188.44,516.28,192.43,273.57,215.34,212.21,481.35,401.23,175.27,253.27,260.73,189.87,265.06,398.76,540.41,231.74,214.83,607.42,650.05,154.06,164.19,248.13,395.49,457.85,263.18,403.44,227.72,241.88,200.3,164.19,270.15,154.99,249.28,285.86,155.6,228.76,251.41,389.99,304.32,243.3,340.99,459.7,658.69,258.38,156.81,164.14,473.68,157.29,252.32,510.95,227.3,206.95,228.43,246.3,156.67,146.41,542.26,202.29,247.53,517.01,245.53,509.47,240.52,181.17,500.53,375.15,332.22,143.44,351.98,156.57,395.56,367.27,636.79,395.94,347.91,215.82,187.86,181.61,183.43,438.71,401.56,186.2,262.6,299.57,226.84,277.55,238.85,270.5,437.77,251.55,251.65,268.62,147.62,385.29,280.65,263.5,437.09,184.77,254.79,281.71,143.23,277.87,149.61,189.29,251.39,246.54,330.4,246.51,132.22,322.94,242.09,459.75,138.66,255.38,412.64,225.6,142.14,347.74,169.84,253.18,226.7,246.46,148.97,241.33,156.78,608.12,224.87,252.9,311.11,188.07,155.14,398.06,259.47,184.03,307.14,252.4,433.48,183.09,195.1,157.23,409.1,277.9,325.82,145.83,525.95,596.29,196.43,297.21,287.41,161.11,216.08,241.09,179.91,143.58,215.34,216.44,501.51,515.89,154.83,493.29,160.15,153.68,491.6,272.99,236.02,278.87,564.92,297.12,398.76,232.02,178.0,547.37,262.65,253.18,522.16,323.53,634.83,370.9,261.89,177.22,483.28,165.04,520.54,492.5,424.72,637.82,446.92,283.86,208.28,154.65,354.24,349.75,228.03,261.98,171.94,143.04,142.22,244.75,278.99,428.19,166.24,335.04,388.25,638.48,146.37,640.54,396.39,297.05,239.27,140.57,253.74,474.92,454.62,172.88,268.84,209.57,140.81,310.82,608.11,211.87,494.23,315.73,260.31,183.81,252.25,429.34,261.05,522.6,216.71,188.67,162.74,325.25,277.37,257.15,422.71,399.29,262.49,163.42,490.11,158.77,187.17,152.66,115.92,119.6,119.25,118.33,115.94,115.63,116.18,116.35,123.24,127.4,114.28,118.26,114.9,126.65,133.3,132.68,139.4,149.68,127.47,137.57,127.17,127.53,144.01,176.59,118.52,114.64,119.11,115.64,118.38,115.61,115.8,113.47,125.82,117.91,115.51,112.85,118.17,131.86,131.54,116.13,119.74,116.71,166.75,133.04,155.01,117.93,149.63,119.69,129.76,120.23,123.27,135.89,134.14,134.59,125.19,126.87,115.93,115.81,274.0,224.73,219.16,217.91,216.08,212.68,211.95,201.5,221.26,227.48,401.38,386.3,402.19,329.21,112.68,113.23,112.51,114.54,115.37,202.03,235.83,255.5,254.2,198.17,199.11,118.89,119.34,132.33,125.0,226.32,214.94,131.3,128.4,235.85,124.59,121.24,132.17,132.24,132.44,116.33,227.87,211.96,184.56,167.21,259.55,243.0,216.47,251.69,231.16,298.6,291.92,284.59,197.39,138.47,340.93,159.62,145.82,135.3,222.13,221.91,202.67,224.5,218.71,136.38,250.62,235.75,233.17,230.58,223.07,217.78,216.86,212.91,247.29,236.2,232.51,229.18,224.58,224.81,223.35,137.54,149.15,133.62,130.48,129.34,117.6,115.49,131.96,115.54,140.35,132.34,119.65,121.04,116.39,209.88,174.93,191.91,114.17,118.18,113.69,138.78,159.54,159.17,331.52,284.13,251.82,223.59,231.23,267.14,230.46,133.63,130.85,134.79,135.21,125.55,349.85,302.31,273.64,323.93,302.46,281.75,275.95,128.0,193.53,113.52,117.12,400.03,116.16,114.75,148.38,231.94,197.15,250.55,115.1,114.37
25,2024-02-01,249.19,249.44,246.7,140.49,242.29,260.3,207.62,174.63,154.31,173.46,396.32,631.19,364.53,277.57,149.45,494.41,200.84,256.28,595.59,409.9,269.34,233.18,525.63,245.16,227.89,178.33,430.71,238.05,249.7,234.96,173.74,559.82,152.84,658.66,489.68,256.07,225.78,152.68,209.83,199.49,267.28,259.27,396.45,248.44,229.79,292.19,309.5,320.68,204.33,473.76,243.97,292.56,236.52,188.49,516.25,192.43,273.56,215.31,212.3,481.33,401.2,175.29,253.32,260.71,189.93,264.98,398.74,540.46,231.77,214.69,607.35,649.98,153.99,164.25,248.11,395.46,457.83,263.17,403.39,227.48,241.76,200.31,164.33,270.22,155.02,249.29,285.8,155.62,228.87,251.34,389.96,304.34,243.39,340.97,459.69,658.53,258.44,156.82,164.15,473.64,157.31,252.32,510.97,227.32,206.93,228.4,246.2,156.68,146.44,542.26,202.32,247.47,517.04,245.51,509.47,240.6,181.15,500.51,375.11,332.25,143.51,351.96,156.57,395.51,367.18,636.75,395.88,347.83,215.79,187.84,181.61,183.46,438.73,401.54,186.17,262.7,299.63,226.76,277.34,238.85,270.51,437.79,251.52,251.66,268.69,147.62,385.17,280.65,263.44,437.36,184.83,254.95,281.7,143.06,277.92,149.72,189.33,251.39,246.53,330.4,246.49,132.22,322.88,242.05,459.69,138.74,255.37,412.61,225.65,142.13,347.71,169.83,253.14,226.56,246.43,149.0,241.35,156.78,608.06,224.85,252.93,311.1,188.05,155.14,398.03,259.5,184.0,307.15,252.4,433.42,183.06,195.09,157.19,409.04,277.84,325.75,145.93,525.96,596.28,196.45,297.34,287.45,161.06,216.08,241.19,179.92,143.63,215.32,216.43,501.31,515.86,154.88,492.88,160.15,153.76,491.53,273.01,236.01,278.87,564.86,297.11,398.7,232.0,177.96,547.37,262.72,253.11,522.12,323.5,634.79,370.78,261.87,177.21,483.44,165.06,520.55,492.47,424.69,637.78,446.91,283.94,208.28,154.72,354.17,349.76,228.04,261.97,171.93,143.07,142.28,244.79,279.02,428.22,166.25,335.0,388.21,638.37,146.43,640.58,396.36,297.31,239.27,140.47,253.69,474.94,454.72,172.97,268.86,209.54,140.85,310.76,608.05,211.88,493.78,315.72,260.32,183.82,252.32,429.35,261.08,522.57,216.69,188.62,162.62,325.13,277.33,257.21,422.62,399.27,262.56,163.4,489.96,158.76,187.15,152.66,116.02,119.69,119.29,118.38,115.99,115.67,116.25,116.44,123.29,127.37,114.33,118.29,114.96,126.65,133.33,132.69,139.44,149.74,127.42,137.55,127.17,127.6,143.97,176.69,118.61,114.77,119.22,115.64,118.36,115.64,115.82,113.49,125.81,118.0,115.62,112.79,118.22,131.87,131.56,116.17,119.76,116.75,166.87,133.01,155.11,117.96,149.67,119.76,129.83,120.24,123.31,135.88,134.19,134.57,125.2,126.87,115.95,115.83,274.0,224.61,219.23,217.98,216.12,212.7,211.99,201.48,221.35,227.65,401.39,386.3,402.21,329.27,112.62,113.21,112.51,114.55,115.38,202.01,235.85,255.57,254.26,198.18,199.17,118.89,119.46,132.38,125.0,226.36,214.95,131.35,128.37,235.85,124.59,121.24,132.17,132.24,132.44,116.32,227.87,211.88,184.48,167.2,259.59,243.01,216.48,251.71,231.13,298.65,291.81,284.63,197.38,138.48,340.93,159.71,145.83,135.31,222.19,221.94,202.7,224.59,218.74,136.35,250.64,235.78,233.21,230.62,223.08,217.78,216.9,212.93,247.4,236.2,232.47,229.19,224.66,224.9,223.36,137.62,149.23,133.61,130.43,129.3,117.65,115.52,131.96,115.55,140.36,132.34,119.69,121.1,116.45,209.95,174.94,191.91,114.22,118.24,113.72,138.79,159.54,159.17,331.54,284.15,251.82,223.6,231.24,267.15,230.51,133.67,130.86,134.81,135.21,125.53,349.86,302.17,273.76,323.95,302.45,281.71,275.89,128.06,193.51,113.63,117.19,400.02,116.2,114.85,148.44,232.04,197.15,250.58,115.15,114.46
